"",,,"1958-1962",,,,"1963-1967",,,,"1968-1972",,,,"1973-1977",,,,"1978-1982",,,,"1983-1987",,,,"1988-1992",,,,"1993-1997",,,,"1998-2002",,,,"2003-2007",,,,"2008-2012",,,,"2013-2017",,
"Afghanistan","Total freshwater withdrawal (10^9 m3/year)",,,"",,,,"",,,,"",,1975,10.7,"",,,,"",,1987,26.11,"",,,,"",,,,"",,2000,20.28,"I",,,,"",,,,"",,,,"",

"",,,"1958-1962",,,,"1963-1967",,,,"1968-1972",,,,"1973-1977",,,,"1978-1982",,,,"1983-1987",,,,"1988-1992",,,,"1993-1997",,,,"1998-2002",,,,"2003-2007",,,,"2008-2012",,,,"2013-2017",,
"Albania","Total freshwater withdrawal (10^9 m3/year)",,,"",,,,"",,,,"",,,,"",,,,"",,,,"",,1990,1.2,"",,,,"",,2000,1.838,"I",,2006,1.311,"I",,,,"",,2017,1.188,"",

"",,,"1958-1962",,,,"1963-1967",,,,"1968-1972",,,,"1973-1977",,,,"1978-1982",,,,"1983-1987",,,,"1988-1992",,,,"1993-1997",,,,"1998-2002",,,,"2003-2007",,,,"2008-2012",,,,"2013-2017",,
"Algeria","Total freshwater withdrawal (10^9 m3/year)",,,"",,,,"",,1970,2.0,"",,1975,2.5,"",,1980,3.0,"",,1985,3.5,"",,1990,4.436,"",,,,"",,2001,5.706,"I",,,,"",,2012,7.81,"I",,2017,9.802,"",

"",,,"1958-1962",,,,"1963-1967",,,,"1968-1972",,,,"1973-1977",,,,"1978-1982",,,,"1983-1987",,,,"1988-1992",,,,"1993-1997",,,,"1998-2002",,,,"2003-2007",,,,"2008-2012",,,,"2013-2017",,
"Andorra","Total freshwater withdrawal (10^9 m3/year)",,,"",,,,"",,,,"",,,,"",,,,"",,,,"",,,,"",,,,"",,,,"",,,,"",,,,"",,,,"",

"",,,"1958-1962",,,,"1963-1967",,,,"1968-1972",,,,"1973-1977",,,,"1978-1982",,,,"1983-1987",,,,"1988-1992",,,,"1993-1997",,,,"1998-2002",,,,"2003-2007",,,,"2008-2012",,,,"2013-2017",,
"Angola","Total freshwater withdrawal (10^9 m3/year)",,,"",,,,"",,,,"",,,,"",,,,"",,1987,0.48,"",,,,"",,,,"",,2000,0.6404,"I",,2005,0.7057,"I",,,,"",,,,"",

"",,,"1958-1962",,,,"1963-1967",,,,"1968-1972",,,,"1973-1977",,,,"1978-1982",,,,"1983-1987",,,,"1988-1992",,,,"1993-1997",,,,"1998-2002",,,,"2003-2007",,,,"2008-2012",,,,"2013-2017",,
"Antigua and Barbuda","Total freshwater withdrawal (10^9 m3/year)",,,"",,,,"",,,,"",,,,"",,,,"",,,,"",,1990,0.0017,"",,,,"",,,,"",,2005,0.0051,"I",,2012,0.0044,"",,,,"",

"",,,"1958-1962",,,,"1963-1967",,,,"1968-1972",,,,"1973-1977",,,,"1978-1982",,,,"1983-1987",,,,"1988-1992",,,,"1993-1997",,,,"1998-2002",,,,"2003-2007",,,,"2008-2012",,,,"2013-2017",,
"Argentina","Total freshwater withdrawal (10^9 m3/year)",,,"",,,,"",,,,"",,1976,27.6,"",,,,"",,,,"",,,,"",,1995,28.58,"I",,,,"",,,,"",,2011,37.69,"",,,,"",

"",,,"1958-1962",,,,"1963-1967",,,,"1968-1972",,,,"1973-1977",,,,"1978-1982",,,,"1983-1987",,,,"1988-1992",,,,"1993-1997",,,,"1998-2002",,,,"2003-2007",,,,"2008-2012",,,,"2013-2017",,
"Armenia","Total freshwater withdrawal (10^9 m3/year)",,,"",,,,"",,,,"",,,,"",,,,"",,,,"",,,,"",,1997,1.85,"",,2002,1.732,"",,2007,2.858,"I",,2012,2.941,"",,2017,2.865,"",

"",,,"1958-1962",,,,"1963-1967",,,,"1968-1972",,,,"1973-1977",,,,"1978-1982",,,,"1983-1987",,,,"1988-1992",,,,"1993-1997",,,,"1998-2002",,,,"2003-2007",,,,"2008-2012",,,,"2013-2017",,
"Australia","Total freshwater withdrawal (10^9 m3/year)",,,"",,,,"",,,,"",,,,"",,,,"",,,,"",,,,"",,1996,22.03,"K",,2001,21.5,"I",,2005,18.51,"I",,2012,15.45,"",,2017,15.94,"I",

"",,,"1958-1962",,,,"1963-1967",,,,"1968-1972",,,,"1973-1977",,,,"1978-1982",,,,"1983-1987",,,,"1988-1992",,,,"1993-1997",,,,"1998-2002",,,,"2003-2007",,,,"2008-2012",,,,"2013-2017",,
"Austria","Total freshwater withdrawal (10^9 m3/year)",,,"",,,,"",,,,"",,,,"",,1980,3.34,"K",,1985,3.578,"K",,1990,3.805,"K",,1997,3.642,"K",,2002,3.666,"K",,,,"",,2010,3.492,"K",,,,"",

"",,,"1958-1962",,,,"1963-1967",,,,"1968-1972",,,,"1973-1977",,,,"1978-1982",,,,"1983-1987",,,,"1988-1992",,,,"1993-1997",,,,"1998-2002",,,,"2003-2007",,,,"2008-2012",,,,"2013-2017",,
"Azerbaijan","Total freshwater withdrawal (10^9 m3/year)",,,"",,,,"",,,,"",,,,"",,,,"",,,,"",,1992,16.2,"",,1997,12.51,"",,2002,10.07,"",,2007,12.27,"",,2012,11.97,"",,2017,12.78,"",

"",,,"1958-1962",,,,"1963-1967",,,,"1968-1972",,,,"1973-1977",,,,"1978-1982",,,,"1983-1987",,,,"1988-1992",,,,"1993-1997",,,,"1998-2002",,,,"2003-2007",,,,"2008-2012",,,,"2013-2017",,
"Bahamas","Total freshwater withdrawal (10^9 m3/year)",,,"",,,,"",,,,"",,,,"",,,,"",,,,"",,,,"",,,,"",,,,"",,,,"",,,,"",,,,"",

"",,,"1958-1962",,,,"1963-1967",,,,"1968-1972",,,,"1973-1977",,,,"1978-1982",,,,"1983-1987",,,,"1988-1992",,,,"1993-1997",,,,"1998-2002",,,,"2003-2007",,,,"2008-2012",,,,"2013-2017",,
"Bahrain","Total freshwater withdrawal (10^9 m3/year)",,,"",,,,"",,,,"",,,,"",,,,"",,,,"",,1990,0.1869,"",,,,"",,,,"",,2003,0.2387,"",,,,"",,2016,0.1533,"",

"",,,"1958-1962",,,,"1963-1967",,,,"1968-1972",,,,"1973-1977",,,,"1978-1982",,,,"1983-1987",,,,"1988-1992",,,,"1993-1997",,,,"1998-2002",,,,"2003-2007",,,,"2008-2012",,,,"2013-2017",,
"Bangladesh","Total freshwater withdrawal (10^9 m3/year)",,,"",,,,"",,,,"",,,,"",,,,"",,,,"",,,,"",,,,"",,,,"",,,,"",,2008,35.87,"",,,,"",

"",,,"1958-1962",,,,"1963-1967",,,,"1968-1972",,,,"1973-1977",,,,"1978-1982",,,,"1983-1987",,,,"1988-1992",,,,"1993-1997",,,,"1998-2002",,,,"2003-2007",,,,"2008-2012",,,,"2013-2017",,
"Barbados","Total freshwater withdrawal (10^9 m3/year)",1962,0.03,"",,,,"",,,,"",,,,"",,,,"",,,,"",,,,"",,1996,0.081,"I",,,,"",,2005,0.07,"I",,,,"",,,,"",

"",,,"1958-1962",,,,"1963-1967",,,,"1968-1972",,,,"1973-1977",,,,"1978-1982",,,,"1983-1987",,,,"1988-1992",,,,"1993-1997",,,,"1998-2002",,,,"2003-2007",,,,"2008-2012",,,,"2013-2017",,
"Belarus","Total freshwater withdrawal (10^9 m3/year)",,,"",,,,"",,,,"",,,,"",,,,"",,,,"",,,,"",,1995,1.98,"",,2000,1.837,"",,2005,1.706,"",,2010,1.548,"",,2017,1.397,"",

"",,,"1958-1962",,,,"1963-1967",,,,"1968-1972",,,,"1973-1977",,,,"1978-1982",,,,"1983-1987",,,,"1988-1992",,,,"1993-1997",,,,"1998-2002",,,,"2003-2007",,,,"2008-2012",,,,"2013-2017",,
"Belgium","Total freshwater withdrawal (10^9 m3/year)",,,"",,,,"",,,,"",,,,"",,1980,9.03,"",,,,"",,,,"",,1997,7.69,"K",,2002,6.735,"K",,2007,6.214,"",,2012,5.3,"E",,2015,3.994,"E",

"",,,"1958-1962",,,,"1963-1967",,,,"1968-1972",,,,"1973-1977",,,,"1978-1982",,,,"1983-1987",,,,"1988-1992",,,,"1993-1997",,,,"1998-2002",,,,"2003-2007",,,,"2008-2012",,,,"2013-2017",,
"Belize","Total freshwater withdrawal (10^9 m3/year)",,,"",,,,"",,,,"",,,,"",,,,"",,1987,0.02,"",,,,"",,,,"",,2000,0.101,"",,,,"",,,,"",,,,"",

"",,,"1958-1962",,,,"1963-1967",,,,"1968-1972",,,,"1973-1977",,,,"1978-1982",,,,"1983-1987",,,,"1988-1992",,,,"1993-1997",,,,"1998-2002",,,,"2003-2007",,,,"2008-2012",,,,"2013-2017",,
"Benin","Total freshwater withdrawal (10^9 m3/year)",,,"",,,,"",,,,"",,,,"",,,,"",,1985,0.11,"",,,,"",,,,"",,2001,0.13,"I",,,,"",,,,"",,,,"",

"",,,"1958-1962",,,,"1963-1967",,,,"1968-1972",,,,"1973-1977",,,,"1978-1982",,,,"1983-1987",,,,"1988-1992",,,,"1993-1997",,,,"1998-2002",,,,"2003-2007",,,,"2008-2012",,,,"2013-2017",,
"Bhutan","Total freshwater withdrawal (10^9 m3/year)",,,"",,,,"",,,,"",,,,"",,,,"",,,,"",,,,"",,,,"",,,,"",,,,"",,2008,0.3379,"I",,,,"",

"",,,"1958-1962",,,,"1963-1967",,,,"1968-1972",,,,"1973-1977",,,,"1978-1982",,,,"1983-1987",,,,"1988-1992",,,,"1993-1997",,,,"1998-2002",,,,"2003-2007",,,,"2008-2012",,,,"2013-2017",,
"Bolivia (Plurinational State of)","Total freshwater withdrawal (10^9 m3/year)",,,"",,,,"",,,,"",,,,"",,,,"",,1987,1.24,"",,,,"",,,,"",,,,"",,,,"",,2009,2.088,"I",,,,"",

"",,,"1958-1962",,,,"1963-1967",,,,"1968-1972",,,,"1973-1977",,,,"1978-1982",,,,"1983-1987",,,,"1988-1992",,,,"1993-1997",,,,"1998-2002",,,,"2003-2007",,,,"2008-2012",,,,"2013-2017",,
"Bosnia and Herzegovina","Total freshwater withdrawal (10^9 m3/year)",,,"",,,,"",,,,"",,,,"",,,,"",,,,"",,,,"",,,,"",,2002,0.3755,"",,2007,0.3896,"",,2012,0.4377,"",,2017,0.4009,"",

"",,,"1958-1962",,,,"1963-1967",,,,"1968-1972",,,,"1973-1977",,,,"1978-1982",,,,"1983-1987",,,,"1988-1992",,,,"1993-1997",,,,"1998-2002",,,,"2003-2007",,,,"2008-2012",,,,"2013-2017",,
"Botswana","Total freshwater withdrawal (10^9 m3/year)",,,"",,,,"",,,,"",,,,"",,,,"",,1985,0.09,"",,1992,0.113,"",,1995,0.1434,"I",,2000,0.194,"",,,,"",,2012,0.1943,"",,2017,0.193,"",

"",,,"1958-1962",,,,"1963-1967",,,,"1968-1972",,,,"1973-1977",,,,"1978-1982",,,,"1983-1987",,,,"1988-1992",,,,"1993-1997",,,,"1998-2002",,,,"2003-2007",,,,"2008-2012",,,,"2013-2017",,
"Brazil","Total freshwater withdrawal (10^9 m3/year)",,,"",,,,"",,,,"",,,,"",,,,"",,1987,35.04,"",,,,"",,1996,54.83,"I",,,,"",,2006,58.07,"",,2010,74.78,"I",,2017,65.68,"",

"",,,"1958-1962",,,,"1963-1967",,,,"1968-1972",,,,"1973-1977",,,,"1978-1982",,,,"1983-1987",,,,"1988-1992",,,,"1993-1997",,,,"1998-2002",,,,"2003-2007",,,,"2008-2012",,,,"2013-2017",,
"Brunei Darussalam","Total freshwater withdrawal (10^9 m3/year)",,,"",,,,"",,,,"",,,,"",,,,"",,,,"",,1991,0.076,"",,1994,0.092,"",,,,"",,,,"",,,,"",,,,"",

"",,,"1958-1962",,,,"1963-1967",,,,"1968-1972",,,,"1973-1977",,,,"1978-1982",,,,"1983-1987",,,,"1988-1992",,,,"1993-1997",,,,"1998-2002",,,,"2003-2007",,,,"2008-2012",,,,"2013-2017",,
"Bulgaria","Total freshwater withdrawal (10^9 m3/year)",,,"",,,,"",,,,"",,,,"",,1980,14.18,"",,1985,14.09,"I",,1990,7.494,"K",,,,"",,2002,6.589,"K",,2007,6.202,"K",,2012,5.715,"K",,2017,5.658,"E",

"",,,"1958-1962",,,,"1963-1967",,,,"1968-1972",,,,"1973-1977",,,,"1978-1982",,,,"1983-1987",,,,"1988-1992",,,,"1993-1997",,,,"1998-2002",,,,"2003-2007",,,,"2008-2012",,,,"2013-2017",,
"Burkina Faso","Total freshwater withdrawal (10^9 m3/year)",,,"",,,,"",,,,"",,,,"",,,,"",,1985,0.29,"",,1992,0.376,"",,,,"",,2001,0.7157,"I",,2005,0.818,"I",,,,"",,,,"",

"",,,"1958-1962",,,,"1963-1967",,,,"1968-1972",,,,"1973-1977",,,,"1978-1982",,,,"1983-1987",,,,"1988-1992",,,,"1993-1997",,,,"1998-2002",,,,"2003-2007",,,,"2008-2012",,,,"2013-2017",,
"Burundi","Total freshwater withdrawal (10^9 m3/year)",,,"",,,,"",,,,"",,,,"",,,,"",,1987,0.1,"",,,,"",,,,"",,2000,0.288,"I",,,,"",,,,"",,,,"",

"",,,"1958-1962",,,,"1963-1967",,,,"1968-1972",,,,"1973-1977",,,,"1978-1982",,,,"1983-1987",,,,"1988-1992",,,,"1993-1997",,,,"1998-2002",,,,"2003-2007",,,,"2008-2012",,,,"2013-2017",,
"Cabo Verde","Total freshwater withdrawal (10^9 m3/year)",,,"",,,,"",,,,"",,,,"",,,,"",,,,"",,,,"",,,,"",,2001,0.0203,"I",,,,"",,,,"",,,,"",

"",,,"1958-1962",,,,"1963-1967",,,,"1968-1972",,,,"1973-1977",,,,"1978-1982",,,,"1983-1987",,,,"1988-1992",,,,"1993-1997",,,,"1998-2002",,,,"2003-2007",,,,"2008-2012",,,,"2013-2017",,
"Cambodia","Total freshwater withdrawal (10^9 m3/year)",,,"",,,,"",,,,"",,,,"",,,,"",,,,"",,,,"",,,,"",,,,"",,2006,2.184,"",,,,"",,,,"",

"",,,"1958-1962",,,,"1963-1967",,,,"1968-1972",,,,"1973-1977",,,,"1978-1982",,,,"1983-1987",,,,"1988-1992",,,,"1993-1997",,,,"1998-2002",,,,"2003-2007",,,,"2008-2012",,,,"2013-2017",,
"Cameroon","Total freshwater withdrawal (10^9 m3/year)",,,"",,,,"",,,,"",,,,"",,,,"",,1987,0.396,"",,1992,0.4,"",,,,"",,2000,0.9664,"I",,,,"",,,,"",,,,"",

"",,,"1958-1962",,,,"1963-1967",,,,"1968-1972",,,,"1973-1977",,,,"1978-1982",,,,"1983-1987",,,,"1988-1992",,,,"1993-1997",,,,"1998-2002",,,,"2003-2007",,,,"2008-2012",,,,"2013-2017",,
"Canada","Total freshwater withdrawal (10^9 m3/year)",,,"",,,,"",,,,"",,,,"",,,,"",,1986,42.2,"",,1991,45.09,"K",,1996,42.21,"K",,,,"",,2007,41.32,"K",,2011,35.6,"",,2017,35.6,"",

"",,,"1958-1962",,,,"1963-1967",,,,"1968-1972",,,,"1973-1977",,,,"1978-1982",,,,"1983-1987",,,,"1988-1992",,,,"1993-1997",,,,"1998-2002",,,,"2003-2007",,,,"2008-2012",,,,"2013-2017",,
"Central African Republic","Total freshwater withdrawal (10^9 m3/year)",,,"",,,,"",,,,"",,,,"",,,,"",,1987,0.0194,"I",,,,"",,,,"",,2000,0.0662,"I",,2005,0.0725,"I",,,,"",,,,"",

"",,,"1958-1962",,,,"1963-1967",,,,"1968-1972",,,,"1973-1977",,,,"1978-1982",,,,"1983-1987",,,,"1988-1992",,,,"1993-1997",,,,"1998-2002",,,,"2003-2007",,,,"2008-2012",,,,"2013-2017",,
"Chad","Total freshwater withdrawal (10^9 m3/year)",,,"",,,,"",,,,"",,,,"",,,,"",,1987,0.181,"",,,,"",,,,"",,2002,0.8492,"I",,2005,0.8796,"I",,,,"",,,,"",

"",,,"1958-1962",,,,"1963-1967",,,,"1968-1972",,,,"1973-1977",,,,"1978-1982",,,,"1983-1987",,,,"1988-1992",,,,"1993-1997",,,,"1998-2002",,,,"2003-2007",,,,"2008-2012",,,,"2013-2017",,
"Chile","Total freshwater withdrawal (10^9 m3/year)",,,"",,,,"",,,,"",,,,"",,,,"",,,,"",,1992,20.29,"I",,,,"",,,,"",,2006,35.36,"I",,,,"",,,,"",

"",,,"1958-1962",,,,"1963-1967",,,,"1968-1972",,,,"1973-1977",,,,"1978-1982",,,,"1983-1987",,,,"1988-1992",,,,"1993-1997",,,,"1998-2002",,,,"2003-2007",,,,"2008-2012",,,,"2013-2017",,
"China","Total freshwater withdrawal (10^9 m3/year)",,,"",,,,"",,,,"",,,,"",,1980,443.7,"",,1985,481.1,"I",,1990,500.0,"",,1993,525.4,"",,2000,549.8,"",,2007,571.3,"I",,2012,599.8,"",,2015,594.2,"",

"",,,"1958-1962",,,,"1963-1967",,,,"1968-1972",,,,"1973-1977",,,,"1978-1982",,,,"1983-1987",,,,"1988-1992",,,,"1993-1997",,,,"1998-2002",,,,"2003-2007",,,,"2008-2012",,,,"2013-2017",,
"Colombia","Total freshwater withdrawal (10^9 m3/year)",,,"",,,,"",,,,"",,,,"",,,,"",,,,"",,,,"",,,,"",,2000,7.746,"I",,,,"",,2008,11.77,"I",,,,"",

"",,,"1958-1962",,,,"1963-1967",,,,"1968-1972",,,,"1973-1977",,,,"1978-1982",,,,"1983-1987",,,,"1988-1992",,,,"1993-1997",,,,"1998-2002",,,,"2003-2007",,,,"2008-2012",,,,"2013-2017",,
"Comoros","Total freshwater withdrawal (10^9 m3/year)",,,"",,,,"",,,,"",,,,"",,,,"",,,,"",,,,"",,,,"",,1999,0.01,"",,,,"",,,,"",,,,"",

"",,,"1958-1962",,,,"1963-1967",,,,"1968-1972",,,,"1973-1977",,,,"1978-1982",,,,"1983-1987",,,,"1988-1992",,,,"1993-1997",,,,"1998-2002",,,,"2003-2007",,,,"2008-2012",,,,"2013-2017",,
"Congo","Total freshwater withdrawal (10^9 m3/year)",,,"",,,,"",,,,"",,,,"",,,,"",,1987,0.04,"",,,,"",,,,"",,2002,0.046,"I",,,,"",,,,"",,,,"",

"",,,"1958-1962",,,,"1963-1967",,,,"1968-1972",,,,"1973-1977",,,,"1978-1982",,,,"1983-1987",,,,"1988-1992",,,,"1993-1997",,,,"1998-2002",,,,"2003-2007",,,,"2008-2012",,,,"2013-2017",,
"Cook Islands","Total freshwater withdrawal (10^9 m3/year)",,,"",,,,"",,,,"",,,,"",,,,"",,,,"",,,,"",,,,"",,,,"",,,,"",,,,"",,,,"",

"",,,"1958-1962",,,,"1963-1967",,,,"1968-1972",,,,"1973-1977",,,,"1978-1982",,,,"1983-1987",,,,"1988-1992",,,,"1993-1997",,,,"1998-2002",,,,"2003-2007",,,,"2008-2012",,,,"2013-2017",,
"Costa Rica","Total freshwater withdrawal (10^9 m3/year)",,,"",,,,"",,,,"",,,,"",,,,"",,,,"",,,,"",,,,"",,,,"",,,,"",,2012,2.339,"",,2015,3.191,"",

"",,,"1958-1962",,,,"1963-1967",,,,"1968-1972",,,,"1973-1977",,,,"1978-1982",,,,"1983-1987",,,,"1988-1992",,,,"1993-1997",,,,"1998-2002",,,,"2003-2007",,,,"2008-2012",,,,"2013-2017",,
"Côte d'Ivoire","Total freshwater withdrawal (10^9 m3/year)",,,"",,,,"",,,,"",,,,"",,,,"",,1987,0.709,"",,1990,1.1,"",,1994,1.232,"",,2000,1.409,"I",,2005,1.549,"I",,,,"",,2014,1.162,"",

"",,,"1958-1962",,,,"1963-1967",,,,"1968-1972",,,,"1973-1977",,,,"1978-1982",,,,"1983-1987",,,,"1988-1992",,,,"1993-1997",,,,"1998-2002",,,,"2003-2007",,,,"2008-2012",,,,"2013-2017",,
"Croatia","Total freshwater withdrawal (10^9 m3/year)",,,"",,,,"",,,,"",,,,"",,,,"",,,,"",,,,"",,,,"",,2002,0.5735,"K",,,,"",,2012,0.661,"E",,2017,0.6729,"E",

"",,,"1958-1962",,,,"1963-1967",,,,"1968-1972",,,,"1973-1977",,,,"1978-1982",,,,"1983-1987",,,,"1988-1992",,,,"1993-1997",,,,"1998-2002",,,,"2003-2007",,,,"2008-2012",,,,"2013-2017",,
"Cuba","Total freshwater withdrawal (10^9 m3/year)",,,"",,,,"",,,,"",,,,"",,,,"",,,,"",,,,"",,1995,5.211,"",,,,"",,2007,4.937,"I",,,,"",,2013,6.959,"I",

"",,,"1958-1962",,,,"1963-1967",,,,"1968-1972",,,,"1973-1977",,,,"1978-1982",,,,"1983-1987",,,,"1988-1992",,,,"1993-1997",,,,"1998-2002",,,,"2003-2007",,,,"2008-2012",,,,"2013-2017",,
"Cyprus","Total freshwater withdrawal (10^9 m3/year)",,,"",,,,"",,,,"",,1975,0.155,"I",,1980,0.177,"I",,1985,0.2,"I",,1990,0.223,"",,1993,0.208,"I",,2002,0.1707,"K",,2007,0.1641,"K",,2012,0.2553,"E",,2017,0.216,"",

"",,,"1958-1962",,,,"1963-1967",,,,"1968-1972",,,,"1973-1977",,,,"1978-1982",,,,"1983-1987",,,,"1988-1992",,,,"1993-1997",,,,"1998-2002",,,,"2003-2007",,,,"2008-2012",,,,"2013-2017",,
"Czechia","Total freshwater withdrawal (10^9 m3/year)",,,"",,,,"",,,,"",,,,"",,,,"",,,,"",,,,"",,1997,2.493,"K",,2002,1.908,"K",,2007,1.969,"K",,2012,1.841,"K",,2017,1.63,"",

"",,,"1958-1962",,,,"1963-1967",,,,"1968-1972",,,,"1973-1977",,,,"1978-1982",,,,"1983-1987",,,,"1988-1992",,,,"1993-1997",,,,"1998-2002",,,,"2003-2007",,,,"2008-2012",,,,"2013-2017",,
"Democratic People's Republic of Korea","Total freshwater withdrawal (10^9 m3/year)",,,"",,,,"",,,,"",,,,"",,,,"",,,,"",,,,"",,,,"",,,,"",,2005,8.658,"I",,,,"",,,,"",

"",,,"1958-1962",,,,"1963-1967",,,,"1968-1972",,,,"1973-1977",,,,"1978-1982",,,,"1983-1987",,,,"1988-1992",,,,"1993-1997",,,,"1998-2002",,,,"2003-2007",,,,"2008-2012",,,,"2013-2017",,
"Democratic Republic of the Congo","Total freshwater withdrawal (10^9 m3/year)",,,"",,,,"",,,,"",,,,"",,,,"",,,,"",,,,"",,,,"",,2000,0.5841,"I",,2005,0.6836,"I",,,,"",,,,"",

"",,,"1958-1962",,,,"1963-1967",,,,"1968-1972",,,,"1973-1977",,,,"1978-1982",,,,"1983-1987",,,,"1988-1992",,,,"1993-1997",,,,"1998-2002",,,,"2003-2007",,,,"2008-2012",,,,"2013-2017",,
"Denmark","Total freshwater withdrawal (10^9 m3/year)",,,"",,,,"",,1970,0.72,"K",,1975,1.205,"K",,1980,1.205,"K",,1985,1.705,"K",,1990,1.246,"K",,1997,0.9175,"K",,2002,0.6529,"K",,2007,0.5558,"K",,2012,0.7285,"E",,2016,0.7411,"",

"",,,"1958-1962",,,,"1963-1967",,,,"1968-1972",,,,"1973-1977",,,,"1978-1982",,,,"1983-1987",,,,"1988-1992",,,,"1993-1997",,,,"1998-2002",,,,"2003-2007",,,,"2008-2012",,,,"2013-2017",,
"Djibouti","Total freshwater withdrawal (10^9 m3/year)",,,"",,,,"",,,,"",,,,"",,,,"",,1985,0.008,"",,,,"",,,,"",,2000,0.0188,"I",,,,"",,,,"",,,,"",

"",,,"1958-1962",,,,"1963-1967",,,,"1968-1972",,,,"1973-1977",,,,"1978-1982",,,,"1983-1987",,,,"1988-1992",,,,"1993-1997",,,,"1998-2002",,,,"2003-2007",,,,"2008-2012",,,,"2013-2017",,
"Dominica","Total freshwater withdrawal (10^9 m3/year)",,,"",,,,"",,,,"",,,,"",,,,"",,,,"",,,,"",,1996,0.0166,"",,2000,0.0166,"",,2004,0.0166,"",,2010,0.02,"I",,,,"",

"",,,"1958-1962",,,,"1963-1967",,,,"1968-1972",,,,"1973-1977",,,,"1978-1982",,,,"1983-1987",,,,"1988-1992",,,,"1993-1997",,,,"1998-2002",,,,"2003-2007",,,,"2008-2012",,,,"2013-2017",,
"Dominican Republic","Total freshwater withdrawal (10^9 m3/year)",,,"",,,,"",,,,"",,,,"",,,,"",,,,"",,,,"",,,,"",,2000,4.865,"I",,2005,5.451,"I",,2010,7.137,"I",,,,"",

"",,,"1958-1962",,,,"1963-1967",,,,"1968-1972",,,,"1973-1977",,,,"1978-1982",,,,"1983-1987",,,,"1988-1992",,,,"1993-1997",,,,"1998-2002",,,,"2003-2007",,,,"2008-2012",,,,"2013-2017",,
"Ecuador","Total freshwater withdrawal (10^9 m3/year)",,,"",,,,"",,,,"",,,,"",,,,"",,,,"",,,,"",,,,"",,2000,9.367,"I",,2005,9.916,"I",,,,"",,,,"",

"",,,"1958-1962",,,,"1963-1967",,,,"1968-1972",,,,"1973-1977",,,,"1978-1982",,,,"1983-1987",,,,"1988-1992",,,,"1993-1997",,,,"1998-2002",,,,"2003-2007",,,,"2008-2012",,,,"2013-2017",,
"Egypt","Total freshwater withdrawal (10^9 m3/year)",,,"",,,,"",,,,"",,1975,48.2,"",,,,"",,,,"",,,,"",,1995,58.64,"I",,2000,57.03,"I",,,,"",,2012,68.1,"",,2017,64.4,"",

"",,,"1958-1962",,,,"1963-1967",,,,"1968-1972",,,,"1973-1977",,,,"1978-1982",,,,"1983-1987",,,,"1988-1992",,,,"1993-1997",,,,"1998-2002",,,,"2003-2007",,,,"2008-2012",,,,"2013-2017",,
"El Salvador","Total freshwater withdrawal (10^9 m3/year)",,,"",,,,"",,,,"",,,,"",,,,"",,,,"",,1992,0.7289,"I",,,,"",,2000,1.376,"I",,2005,2.118,"",,,,"",,,,"",

"",,,"1958-1962",,,,"1963-1967",,,,"1968-1972",,,,"1973-1977",,,,"1978-1982",,,,"1983-1987",,,,"1988-1992",,,,"1993-1997",,,,"1998-2002",,,,"2003-2007",,,,"2008-2012",,,,"2013-2017",,
"Equatorial Guinea","Total freshwater withdrawal (10^9 m3/year)",,,"",,,,"",,,,"",,,,"",,,,"",,1987,0.01,"",,,,"",,,,"",,2000,0.0174,"I",,,,"",,,,"",,,,"",

"",,,"1958-1962",,,,"1963-1967",,,,"1968-1972",,,,"1973-1977",,,,"1978-1982",,,,"1983-1987",,,,"1988-1992",,,,"1993-1997",,,,"1998-2002",,,,"2003-2007",,,,"2008-2012",,,,"2013-2017",,
"Eritrea","Total freshwater withdrawal (10^9 m3/year)",,,"",,,,"",,,,"",,,,"",,,,"",,,,"",,,,"",,,,"",,2000,0.4134,"I",,2004,0.582,"",,,,"",,,,"",

"",,,"1958-1962",,,,"1963-1967",,,,"1968-1972",,,,"1973-1977",,,,"1978-1982",,,,"1983-1987",,,,"1988-1992",,,,"1993-1997",,,,"1998-2002",,,,"2003-2007",,,,"2008-2012",,,,"2013-2017",,
"Estonia","Total freshwater withdrawal (10^9 m3/year)",,,"",,,,"",,,,"",,,,"",,,,"",,,,"",,1992,2.63,"K",,1995,1.358,"",,2002,1.413,"K",,2007,1.834,"K",,2012,1.631,"",,2017,1.784,"",

"",,,"1958-1962",,,,"1963-1967",,,,"1968-1972",,,,"1973-1977",,,,"1978-1982",,,,"1983-1987",,,,"1988-1992",,,,"1993-1997",,,,"1998-2002",,,,"2003-2007",,,,"2008-2012",,,,"2013-2017",,
"Eswatini","Total freshwater withdrawal (10^9 m3/year)",,,"",,,,"",,,,"",,,,"",,1980,0.657,"",,,,"",,,,"",,,,"",,2000,1.042,"I",,,,"",,,,"",,,,"",

"",,,"1958-1962",,,,"1963-1967",,,,"1968-1972",,,,"1973-1977",,,,"1978-1982",,,,"1983-1987",,,,"1988-1992",,,,"1993-1997",,,,"1998-2002",,,,"2003-2007",,,,"2008-2012",,,,"2013-2017",,
"Ethiopia","Total freshwater withdrawal (10^9 m3/year)",,,"",,,,"",,,,"",,,,"",,,,"",,,,"",,,,"",,,,"",,2002,5.558,"I",,2005,7.861,"I",,,,"",,2016,10.55,"K",

"",,,"1958-1962",,,,"1963-1967",,,,"1968-1972",,,,"1973-1977",,,,"1978-1982",,,,"1983-1987",,,,"1988-1992",,,,"1993-1997",,,,"1998-2002",,,,"2003-2007",,,,"2008-2012",,,,"2013-2017",,
"Faroe Islands","Total freshwater withdrawal (10^9 m3/year)",,,"",,,,"",,,,"",,,,"",,,,"",,,,"",,,,"",,,,"",,,,"",,,,"",,,,"",,,,"",

"",,,"1958-1962",,,,"1963-1967",,,,"1968-1972",,,,"1973-1977",,,,"1978-1982",,,,"1983-1987",,,,"1988-1992",,,,"1993-1997",,,,"1998-2002",,,,"2003-2007",,,,"2008-2012",,,,"2013-2017",,
"Fiji","Total freshwater withdrawal (10^9 m3/year)",,,"",,,,"",,,,"",,,,"",,,,"",,1987,0.03,"",,,,"",,,,"",,2000,0.0817,"I",,2005,0.0849,"I",,,,"",,,,"",

"",,,"1958-1962",,,,"1963-1967",,,,"1968-1972",,,,"1973-1977",,,,"1978-1982",,,,"1983-1987",,,,"1988-1992",,,,"1993-1997",,,,"1998-2002",,,,"2003-2007",,,,"2008-2012",,,,"2013-2017",,
"Finland","Total freshwater withdrawal (10^9 m3/year)",,,"",,,,"",,1970,3.3,"K",,1975,3.55,"K",,1980,3.7,"K",,1985,4.0,"K",,1990,2.347,"K",,1995,2.586,"K",,1999,2.328,"K",,2006,6.562,"K",,,,"",,,,"",

"",,,"1958-1962",,,,"1963-1967",,,,"1968-1972",,,,"1973-1977",,,,"1978-1982",,,,"1983-1987",,,,"1988-1992",,,,"1993-1997",,,,"1998-2002",,,,"2003-2007",,,,"2008-2012",,,,"2013-2017",,
"France","Total freshwater withdrawal (10^9 m3/year)",,,"",,,,"",,,,"",,,,"",,1980,30.96,"K",,1985,34.88,"K",,1992,39.21,"K",,1997,30.33,"K",,2002,32.36,"K",,2007,30.99,"K",,2012,27.64,"I",,2016,26.44,"","[1]"

"",,,"1958-1962",,,,"1963-1967",,,,"1968-1972",,,,"1973-1977",,,,"1978-1982",,,,"1983-1987",,,,"1988-1992",,,,"1993-1997",,,,"1998-2002",,,,"2003-2007",,,,"2008-2012",,,,"2013-2017",,
"Gabon","Total freshwater withdrawal (10^9 m3/year)",,,"",,,,"",,,,"",,,,"",,,,"",,1987,0.06,"",,,,"",,,,"",,2000,0.1203,"I",,2005,0.1391,"I",,,,"",,,,"",

"",,,"1958-1962",,,,"1963-1967",,,,"1968-1972",,,,"1973-1977",,,,"1978-1982",,,,"1983-1987",,,,"1988-1992",,,,"1993-1997",,,,"1998-2002",,,,"2003-2007",,,,"2008-2012",,,,"2013-2017",,
"Gambia","Total freshwater withdrawal (10^9 m3/year)",,,"",,,,"",,,,"",,,,"",,1982,0.02,"",,,,"",,,,"",,,,"",,2000,0.0905,"I",,,,"",,,,"",,,,"",

"",,,"1958-1962",,,,"1963-1967",,,,"1968-1972",,,,"1973-1977",,,,"1978-1982",,,,"1983-1987",,,,"1988-1992",,,,"1993-1997",,,,"1998-2002",,,,"2003-2007",,,,"2008-2012",,,,"2013-2017",,
"Georgia","Total freshwater withdrawal (10^9 m3/year)",,,"",,,,"",,,,"",,,,"",,,,"",,,,"",,,,"",,,,"",,,,"",,2005,1.813,"I",,2008,1.823,"",,,,"",

"",,,"1958-1962",,,,"1963-1967",,,,"1968-1972",,,,"1973-1977",,,,"1978-1982",,,,"1983-1987",,,,"1988-1992",,,,"1993-1997",,,,"1998-2002",,,,"2003-2007",,,,"2008-2012",,,,"2013-2017",,
"Germany","Total freshwater withdrawal (10^9 m3/year)",,,"",,,,"",,,,"",,,,"",,,,"",,,,"",,1991,46.27,"K",,1995,45.2,"",,2001,39.11,"K",,2007,32.26,"",,2010,32.99,"",,2016,24.44,"E",

"",,,"1958-1962",,,,"1963-1967",,,,"1968-1972",,,,"1973-1977",,,,"1978-1982",,,,"1983-1987",,,,"1988-1992",,,,"1993-1997",,,,"1998-2002",,,,"2003-2007",,,,"2008-2012",,,,"2013-2017",,
"Ghana","Total freshwater withdrawal (10^9 m3/year)",,,"",,,,"",,1970,0.3,"I",,,,"",,,,"",,,,"",,,,"",,,,"",,2000,0.982,"I",,,,"",,,,"",,,,"",

"",,,"1958-1962",,,,"1963-1967",,,,"1968-1972",,,,"1973-1977",,,,"1978-1982",,,,"1983-1987",,,,"1988-1992",,,,"1993-1997",,,,"1998-2002",,,,"2003-2007",,,,"2008-2012",,,,"2013-2017",,
"Greece","Total freshwater withdrawal (10^9 m3/year)",,,"",,,,"",,1970,4.254,"K",,1975,4.276,"K",,1980,5.03,"K",,1985,5.486,"K",,1992,8.028,"K",,1997,8.685,"K",,2002,9.226,"K",,2007,9.593,"K",,2012,9.935,"E",,2016,11.24,"E",

"",,,"1958-1962",,,,"1963-1967",,,,"1968-1972",,,,"1973-1977",,,,"1978-1982",,,,"1983-1987",,,,"1988-1992",,,,"1993-1997",,,,"1998-2002",,,,"2003-2007",,,,"2008-2012",,,,"2013-2017",,
"Grenada","Total freshwater withdrawal (10^9 m3/year)",,,"",,,,"",,,,"",,,,"",,,,"",,,,"",,,,"",,,,"",,,,"",,2005,0.01,"",,,,"",,2014,0.0141,"I",

"",,,"1958-1962",,,,"1963-1967",,,,"1968-1972",,,,"1973-1977",,,,"1978-1982",,,,"1983-1987",,,,"1988-1992",,,,"1993-1997",,,,"1998-2002",,,,"2003-2007",,,,"2008-2012",,,,"2013-2017",,
"Guatemala","Total freshwater withdrawal (10^9 m3/year)",,,"",,,,"",,,,"",,,,"",,,,"",,,,"",,,,"",,,,"",,,,"",,2006,3.324,"",,,,"",,,,"",

"",,,"1958-1962",,,,"1963-1967",,,,"1968-1972",,,,"1973-1977",,,,"1978-1982",,,,"1983-1987",,,,"1988-1992",,,,"1993-1997",,,,"1998-2002",,,,"2003-2007",,,,"2008-2012",,,,"2013-2017",,
"Guinea","Total freshwater withdrawal (10^9 m3/year)",,,"",,,,"",,,,"",,,,"",,,,"",,1987,0.74,"",,,,"",,,,"",,2001,0.5533,"I",,,,"",,,,"",,,,"",

"",,,"1958-1962",,,,"1963-1967",,,,"1968-1972",,,,"1973-1977",,,,"1978-1982",,,,"1983-1987",,,,"1988-1992",,,,"1993-1997",,,,"1998-2002",,,,"2003-2007",,,,"2008-2012",,,,"2013-2017",,
"Guinea-Bissau","Total freshwater withdrawal (10^9 m3/year)",,,"",,,,"",,,,"",,,,"",,,,"",,,,"",,1991,0.0166,"",,1996,0.175,"",,2000,0.175,"",,,,"",,,,"",,,,"",

"",,,"1958-1962",,,,"1963-1967",,,,"1968-1972",,,,"1973-1977",,,,"1978-1982",,,,"1983-1987",,,,"1988-1992",,,,"1993-1997",,,,"1998-2002",,,,"2003-2007",,,,"2008-2012",,,,"2013-2017",,
"Guyana","Total freshwater withdrawal (10^9 m3/year)",,,"",,,,"",,,,"",,,,"",,,,"",,,,"",,1992,1.46,"",,,,"",,2000,1.64,"I",,,,"",,2010,1.445,"I",,,,"",

"",,,"1958-1962",,,,"1963-1967",,,,"1968-1972",,,,"1973-1977",,,,"1978-1982",,,,"1983-1987",,,,"1988-1992",,,,"1993-1997",,,,"1998-2002",,,,"2003-2007",,,,"2008-2012",,,,"2013-2017",,
"Haiti","Total freshwater withdrawal (10^9 m3/year)",,,"",,,,"",,,,"",,,,"",,,,"",,,,"",,1991,0.9799,"",,1995,1.285,"",,,,"",,,,"",,2009,1.45,"I",,,,"",

"",,,"1958-1962",,,,"1963-1967",,,,"1968-1972",,,,"1973-1977",,,,"1978-1982",,,,"1983-1987",,,,"1988-1992",,,,"1993-1997",,,,"1998-2002",,,,"2003-2007",,,,"2008-2012",,,,"2013-2017",,
"Holy See","Total freshwater withdrawal (10^9 m3/year)",,,"",,,,"",,,,"",,,,"",,,,"",,,,"",,,,"",,,,"",,,,"",,,,"",,,,"",,,,"",

"",,,"1958-1962",,,,"1963-1967",,,,"1968-1972",,,,"1973-1977",,,,"1978-1982",,,,"1983-1987",,,,"1988-1992",,,,"1993-1997",,,,"1998-2002",,,,"2003-2007",,,,"2008-2012",,,,"2013-2017",,
"Honduras","Total freshwater withdrawal (10^9 m3/year)",,,"",,,,"",,,,"",,,,"",,,,"",,,,"",,,,"",,,,"",,,,"",,2003,1.607,"",,,,"",,,,"",

"",,,"1958-1962",,,,"1963-1967",,,,"1968-1972",,,,"1973-1977",,,,"1978-1982",,,,"1983-1987",,,,"1988-1992",,,,"1993-1997",,,,"1998-2002",,,,"2003-2007",,,,"2008-2012",,,,"2013-2017",,
"Hungary","Total freshwater withdrawal (10^9 m3/year)",,,"",,,,"",,1970,2.98,"K",,1975,3.965,"K",,1980,4.805,"K",,1985,6.351,"",,1992,7.137,"K",,1996,6.01,"K",,2002,5.72,"K",,2007,5.584,"K",,2012,5.051,"K",,2017,4.499,"E",

"",,,"1958-1962",,,,"1963-1967",,,,"1968-1972",,,,"1973-1977",,,,"1978-1982",,,,"1983-1987",,,,"1988-1992",,,,"1993-1997",,,,"1998-2002",,,,"2003-2007",,,,"2008-2012",,,,"2013-2017",,
"Iceland","Total freshwater withdrawal (10^9 m3/year)",,,"",,,,"",,,,"",,,,"",,1980,0.108,"K",,1985,0.112,"K",,1992,0.167,"K",,,,"",,2002,0.165,"K",,2004,0.165,"K",,2012,0.294,"",,2016,0.26,"",

"",,,"1958-1962",,,,"1963-1967",,,,"1968-1972",,,,"1973-1977",,,,"1978-1982",,,,"1983-1987",,,,"1988-1992",,,,"1993-1997",,,,"1998-2002",,,,"2003-2007",,,,"2008-2012",,,,"2013-2017",,
"India","Total freshwater withdrawal (10^9 m3/year)",,,"",,,,"",,,,"",,1975,380.0,"",,1980,438.3,"I",,1986,497.4,"I",,1990,500.0,"",,,,"",,2000,610.4,"I",,,,"",,2010,647.5,"I",,,,"",

"",,,"1958-1962",,,,"1963-1967",,,,"1968-1972",,,,"1973-1977",,,,"1978-1982",,,,"1983-1987",,,,"1988-1992",,,,"1993-1997",,,,"1998-2002",,,,"2003-2007",,,,"2008-2012",,,,"2013-2017",,
"Indonesia","Total freshwater withdrawal (10^9 m3/year)",,,"",,,,"",,,,"",,,,"",,,,"",,,,"",,1990,74.32,"",,,,"",,2000,113.3,"I",,,,"",,,,"",,2016,222.6,"",

"",,,"1958-1962",,,,"1963-1967",,,,"1968-1972",,,,"1973-1977",,,,"1978-1982",,,,"1983-1987",,,,"1988-1992",,,,"1993-1997",,,,"1998-2002",,,,"2003-2007",,,,"2008-2012",,,,"2013-2017",,
"Iran (Islamic Republic of)","Total freshwater withdrawal (10^9 m3/year)",,,"",,,,"",,,,"",,1975,45.0,"",,,,"",,,,"",,,,"",,1995,83.0,"I",,2001,89.7,"I",,2004,93.1,"I",,,,"",,,,"",

"",,,"1958-1962",,,,"1963-1967",,,,"1968-1972",,,,"1973-1977",,,,"1978-1982",,,,"1983-1987",,,,"1988-1992",,,,"1993-1997",,,,"1998-2002",,,,"2003-2007",,,,"2008-2012",,,,"2013-2017",,
"Iraq","Total freshwater withdrawal (10^9 m3/year)",,,"",,,,"",,,,"",,1975,40.56,"",,1980,40.8,"I",,1985,41.02,"",,1990,42.8,"",,1995,54.39,"I",,2000,65.99,"I",,,,"",,,,"",,2016,38.54,"",

"",,,"1958-1962",,,,"1963-1967",,,,"1968-1972",,,,"1973-1977",,,,"1978-1982",,,,"1983-1987",,,,"1988-1992",,,,"1993-1997",,,,"1998-2002",,,,"2003-2007",,,,"2008-2012",,,,"2013-2017",,
"Ireland","Total freshwater withdrawal (10^9 m3/year)",,,"",,,,"",,,,"",,,,"",,1980,1.07,"K",,,,"",,,,"",,1994,1.176,"K",,,,"",,2007,0.7298,"K",,2009,0.757,"K",,,,"",

"",,,"1958-1962",,,,"1963-1967",,,,"1968-1972",,,,"1973-1977",,,,"1978-1982",,,,"1983-1987",,,,"1988-1992",,,,"1993-1997",,,,"1998-2002",,,,"2003-2007",,,,"2008-2012",,,,"2013-2017",,
"Israel","Total freshwater withdrawal (10^9 m3/year)",,,"",,,,"",,1970,1.542,"",,1975,1.598,"I",,1980,1.643,"",,1986,1.72,"",,1990,1.584,"",,1995,1.532,"K",,2002,1.543,"I",,2004,1.419,"",,2010,1.34,"",,2017,1.198,"",

"",,,"1958-1962",,,,"1963-1967",,,,"1968-1972",,,,"1973-1977",,,,"1978-1982",,,,"1983-1987",,,,"1988-1992",,,,"1993-1997",,,,"1998-2002",,,,"2003-2007",,,,"2008-2012",,,,"2013-2017",,
"Italy","Total freshwater withdrawal (10^9 m3/year)",,,"",,,,"",,1970,41.6,"",,,,"",,,,"",,,,"",,,,"",,,,"",,2000,45.08,"K",,,,"",,2008,53.75,"K",,2015,34.19,"",

"",,,"1958-1962",,,,"1963-1967",,,,"1968-1972",,,,"1973-1977",,,,"1978-1982",,,,"1983-1987",,,,"1988-1992",,,,"1993-1997",,,,"1998-2002",,,,"2003-2007",,,,"2008-2012",,,,"2013-2017",,
"Jamaica","Total freshwater withdrawal (10^9 m3/year)",,,"",,,,"",,,,"",,,,"",,,,"",,,,"",,,,"",,1993,0.9275,"I",,,,"",,2007,0.8115,"I",,,,"",,2016,1.354,"",

"",,,"1958-1962",,,,"1963-1967",,,,"1968-1972",,,,"1973-1977",,,,"1978-1982",,,,"1983-1987",,,,"1988-1992",,,,"1993-1997",,,,"1998-2002",,,,"2003-2007",,,,"2008-2012",,,,"2013-2017",,
"Japan","Total freshwater withdrawal (10^9 m3/year)",,,"",,,,"",,,,"",,,,"",,1980,88.2,"",,,,"",,1992,91.4,"",,1997,89.19,"K",,2002,84.46,"K",,2007,82.75,"K",,2009,81.22,"K",,,,"",

"",,,"1958-1962",,,,"1963-1967",,,,"1968-1972",,,,"1973-1977",,,,"1978-1982",,,,"1983-1987",,,,"1988-1992",,,,"1993-1997",,,,"1998-2002",,,,"2003-2007",,,,"2008-2012",,,,"2013-2017",,
"Jordan","Total freshwater withdrawal (10^9 m3/year)",,,"",,,,"",,,,"",,1975,0.451,"",,1980,0.535,"I",,1985,0.619,"",,1992,0.937,"K",,,,"",,2002,0.7381,"",,2007,0.9222,"",,2012,0.849,"",,2016,0.9035,"",

"",,,"1958-1962",,,,"1963-1967",,,,"1968-1972",,,,"1973-1977",,,,"1978-1982",,,,"1983-1987",,,,"1988-1992",,,,"1993-1997",,,,"1998-2002",,,,"2003-2007",,,,"2008-2012",,,,"2013-2017",,
"Kazakhstan","Total freshwater withdrawal (10^9 m3/year)",,,"",,,,"",,,,"",,,,"",,,,"",,,,"",,,,"",,1995,32.07,"I",,2002,22.26,"",,2007,22.81,"",,2012,21.39,"",,2017,22.45,"",

"",,,"1958-1962",,,,"1963-1967",,,,"1968-1972",,,,"1973-1977",,,,"1978-1982",,,,"1983-1987",,,,"1988-1992",,,,"1993-1997",,,,"1998-2002",,,,"2003-2007",,,,"2008-2012",,,,"2013-2017",,
"Kenya","Total freshwater withdrawal (10^9 m3/year)",,,"",,,,"",,,,"",,,,"",,,,"",,,,"",,1990,2.049,"",,,,"",,,,"",,2003,2.32,"",,2010,3.218,"",,2016,4.032,"",

"",,,"1958-1962",,,,"1963-1967",,,,"1968-1972",,,,"1973-1977",,,,"1978-1982",,,,"1983-1987",,,,"1988-1992",,,,"1993-1997",,,,"1998-2002",,,,"2003-2007",,,,"2008-2012",,,,"2013-2017",,
"Kiribati","Total freshwater withdrawal (10^9 m3/year)",,,"",,,,"",,,,"",,,,"",,,,"",,,,"",,,,"",,,,"",,,,"",,,,"",,,,"",,,,"",

"",,,"1958-1962",,,,"1963-1967",,,,"1968-1972",,,,"1973-1977",,,,"1978-1982",,,,"1983-1987",,,,"1988-1992",,,,"1993-1997",,,,"1998-2002",,,,"2003-2007",,,,"2008-2012",,,,"2013-2017",,
"Kuwait","Total freshwater withdrawal (10^9 m3/year)",,,"",,,,"",,,,"",,,,"",,,,"",,,,"",,,,"",,1994,0.255,"",,2002,0.415,"",,,,"",,,,"",,,,"",

"",,,"1958-1962",,,,"1963-1967",,,,"1968-1972",,,,"1973-1977",,,,"1978-1982",,,,"1983-1987",,,,"1988-1992",,,,"1993-1997",,,,"1998-2002",,,,"2003-2007",,,,"2008-2012",,,,"2013-2017",,
"Kyrgyzstan","Total freshwater withdrawal (10^9 m3/year)",,,"",,,,"",,,,"",,,,"",,,,"",,,,"",,,,"",,1994,9.79,"",,2000,10.08,"I",,2006,7.707,"I",,,,"",,,,"",

"",,,"1958-1962",,,,"1963-1967",,,,"1968-1972",,,,"1973-1977",,,,"1978-1982",,,,"1983-1987",,,,"1988-1992",,,,"1993-1997",,,,"1998-2002",,,,"2003-2007",,,,"2008-2012",,,,"2013-2017",,
"Lao People's Democratic Republic","Total freshwater withdrawal (10^9 m3/year)",,,"",,,,"",,,,"",,,,"",,,,"",,,,"",,,,"",,,,"",,,,"",,2005,3.493,"I",,,,"",,,,"",

"",,,"1958-1962",,,,"1963-1967",,,,"1968-1972",,,,"1973-1977",,,,"1978-1982",,,,"1983-1987",,,,"1988-1992",,,,"1993-1997",,,,"1998-2002",,,,"2003-2007",,,,"2008-2012",,,,"2013-2017",,
"Latvia","Total freshwater withdrawal (10^9 m3/year)",,,"",,,,"",,,,"",,,,"",,,,"",,,,"",,,,"",,1995,0.4062,"K",,2002,0.2445,"I",,2007,0.2066,"I",,2012,0.2482,"K",,2017,0.1811,"",

"",,,"1958-1962",,,,"1963-1967",,,,"1968-1972",,,,"1973-1977",,,,"1978-1982",,,,"1983-1987",,,,"1988-1992",,,,"1993-1997",,,,"1998-2002",,,,"2003-2007",,,,"2008-2012",,,,"2013-2017",,
"Lebanon","Total freshwater withdrawal (10^9 m3/year)",,,"",,,,"",,,,"",,1975,0.751,"",,,,"",,,,"",,,,"",,1994,1.291,"I",,2000,1.266,"I",,2005,1.096,"I",,,,"",,2015,1.812,"",

"",,,"1958-1962",,,,"1963-1967",,,,"1968-1972",,,,"1973-1977",,,,"1978-1982",,,,"1983-1987",,,,"1988-1992",,,,"1993-1997",,,,"1998-2002",,,,"2003-2007",,,,"2008-2012",,,,"2013-2017",,
"Lesotho","Total freshwater withdrawal (10^9 m3/year)",,,"",,,,"",,,,"",,,,"",,,,"",,1987,0.05,"",,,,"",,,,"",,2000,0.0438,"I",,,,"",,,,"",,,,"",

"",,,"1958-1962",,,,"1963-1967",,,,"1968-1972",,,,"1973-1977",,,,"1978-1982",,,,"1983-1987",,,,"1988-1992",,,,"1993-1997",,,,"1998-2002",,,,"2003-2007",,,,"2008-2012",,,,"2013-2017",,
"Liberia","Total freshwater withdrawal (10^9 m3/year)",,,"",,,,"",,,,"",,,,"",,,,"",,1987,0.13,"",,,,"",,,,"",,2000,0.1308,"I",,,,"",,,,"",,,,"",

"",,,"1958-1962",,,,"1963-1967",,,,"1968-1972",,,,"1973-1977",,,,"1978-1982",,,,"1983-1987",,,,"1988-1992",,,,"1993-1997",,,,"1998-2002",,,,"2003-2007",,,,"2008-2012",,,,"2013-2017",,
"Libya","Total freshwater withdrawal (10^9 m3/year)",,,"",,,,"",,,,"",,1975,1.2,"",,1980,1.47,"",,1985,3.115,"I",,1990,4.76,"",,1994,4.6,"",,2000,4.308,"I",,2005,4.822,"",,2012,5.76,"",,,,"",

"",,,"1958-1962",,,,"1963-1967",,,,"1968-1972",,,,"1973-1977",,,,"1978-1982",,,,"1983-1987",,,,"1988-1992",,,,"1993-1997",,,,"1998-2002",,,,"2003-2007",,,,"2008-2012",,,,"2013-2017",,
"Liechtenstein","Total freshwater withdrawal (10^9 m3/year)",,,"",,,,"",,,,"",,,,"",,,,"",,,,"",,,,"",,,,"",,,,"",,,,"",,,,"",,,,"",

"",,,"1958-1962",,,,"1963-1967",,,,"1968-1972",,,,"1973-1977",,,,"1978-1982",,,,"1983-1987",,,,"1988-1992",,,,"1993-1997",,,,"1998-2002",,,,"2003-2007",,,,"2008-2012",,,,"2013-2017",,
"Lithuania","Total freshwater withdrawal (10^9 m3/year)",,,"",,,,"",,,,"",,,,"",,,,"",,,,"",,,,"",,1995,4.347,"",,2001,2.768,"K",,2007,2.264,"I",,,,"",,2017,0.259,"",

"",,,"1958-1962",,,,"1963-1967",,,,"1968-1972",,,,"1973-1977",,,,"1978-1982",,,,"1983-1987",,,,"1988-1992",,,,"1993-1997",,,,"1998-2002",,,,"2003-2007",,,,"2008-2012",,,,"2013-2017",,
"Luxembourg","Total freshwater withdrawal (10^9 m3/year)",,,"",,,,"",,1970,0.0348,"K",,1975,0.0425,"K",,1980,0.0397,"K",,1985,0.067,"K",,,,"",,1995,0.0565,"K",,1999,0.0605,"K",,,,"",,2012,0.0445,"K",,2017,0.0456,"",

"",,,"1958-1962",,,,"1963-1967",,,,"1968-1972",,,,"1973-1977",,,,"1978-1982",,,,"1983-1987",,,,"1988-1992",,,,"1993-1997",,,,"1998-2002",,,,"2003-2007",,,,"2008-2012",,,,"2013-2017",,
"Madagascar","Total freshwater withdrawal (10^9 m3/year)",,,"",,,,"",,,,"",,,,"",,,,"",,1984,16.3,"",,,,"",,,,"",,2000,13.37,"I",,2006,13.56,"I",,,,"",,,,"",

"",,,"1958-1962",,,,"1963-1967",,,,"1968-1972",,,,"1973-1977",,,,"1978-1982",,,,"1983-1987",,,,"1988-1992",,,,"1993-1997",,,,"1998-2002",,,,"2003-2007",,,,"2008-2012",,,,"2013-2017",,
"Malawi","Total freshwater withdrawal (10^9 m3/year)",,,"",,,,"",,,,"",,,,"",,,,"",,,,"",,,,"",,1994,0.936,"",,2002,1.325,"I",,2005,1.357,"I",,,,"",,,,"",

"",,,"1958-1962",,,,"1963-1967",,,,"1968-1972",,,,"1973-1977",,,,"1978-1982",,,,"1983-1987",,,,"1988-1992",,,,"1993-1997",,,,"1998-2002",,,,"2003-2007",,,,"2008-2012",,,,"2013-2017",,
"Malaysia","Total freshwater withdrawal (10^9 m3/year)",,,"",,,,"",,,,"",,,,"",,,,"",,,,"",,1990,10.12,"I",,1996,5.484,"I",,,,"",,,,"",,,,"",,2017,6.707,"",

"",,,"1958-1962",,,,"1963-1967",,,,"1968-1972",,,,"1973-1977",,,,"1978-1982",,,,"1983-1987",,,,"1988-1992",,,,"1993-1997",,,,"1998-2002",,,,"2003-2007",,,,"2008-2012",,,,"2013-2017",,
"Maldives","Total freshwater withdrawal (10^9 m3/year)",,,"",,,,"",,,,"",,,,"",,,,"",,1987,0.0034,"",,,,"",,,,"",,,,"",,,,"",,2008,0.0047,"I",,,,"",

"",,,"1958-1962",,,,"1963-1967",,,,"1968-1972",,,,"1973-1977",,,,"1978-1982",,,,"1983-1987",,,,"1988-1992",,,,"1993-1997",,,,"1998-2002",,,,"2003-2007",,,,"2008-2012",,,,"2013-2017",,
"Mali","Total freshwater withdrawal (10^9 m3/year)",,,"",,,,"",,,,"",,,,"",,,,"",,1987,1.36,"",,,,"",,,,"",,,,"",,2006,5.186,"",,,,"",,,,"",

"",,,"1958-1962",,,,"1963-1967",,,,"1968-1972",,,,"1973-1977",,,,"1978-1982",,,,"1983-1987",,,,"1988-1992",,,,"1993-1997",,,,"1998-2002",,,,"2003-2007",,,,"2008-2012",,,,"2013-2017",,
"Malta","Total freshwater withdrawal (10^9 m3/year)",,,"",,,,"",,,,"",,,,"",,1980,0.02,"",,,,"",,,,"",,1995,0.0295,"",,2002,0.034,"I",,2007,0.0328,"K",,2012,0.0401,"E",,2017,0.043,"",

"",,,"1958-1962",,,,"1963-1967",,,,"1968-1972",,,,"1973-1977",,,,"1978-1982",,,,"1983-1987",,,,"1988-1992",,,,"1993-1997",,,,"1998-2002",,,,"2003-2007",,,,"2008-2012",,,,"2013-2017",,
"Marshall Islands","Total freshwater withdrawal (10^9 m3/year)",,,"",,,,"",,,,"",,,,"",,,,"",,,,"",,,,"",,,,"",,,,"",,,,"",,,,"",,,,"",

"",,,"1958-1962",,,,"1963-1967",,,,"1968-1972",,,,"1973-1977",,,,"1978-1982",,,,"1983-1987",,,,"1988-1992",,,,"1993-1997",,,,"1998-2002",,,,"2003-2007",,,,"2008-2012",,,,"2013-2017",,
"Mauritania","Total freshwater withdrawal (10^9 m3/year)",,,"",,,,"",,,,"",,,,"",,1980,0.73,"",,,,"",,,,"",,,,"",,2000,1.599,"I",,2005,1.348,"I",,,,"",,,,"",

"",,,"1958-1962",,,,"1963-1967",,,,"1968-1972",,,,"1973-1977",,,,"1978-1982",,,,"1983-1987",,,,"1988-1992",,,,"1993-1997",,,,"1998-2002",,,,"2003-2007",,,,"2008-2012",,,,"2013-2017",,
"Mauritius","Total freshwater withdrawal (10^9 m3/year)",,,"",,,,"",,,,"",,1975,0.36,"",,,,"",,,,"",,1990,0.566,"",,1995,0.615,"",,2000,0.61,"",,2007,0.63,"",,2012,0.582,"",,2017,0.61,"","[2]"

"",,,"1958-1962",,,,"1963-1967",,,,"1968-1972",,,,"1973-1977",,,,"1978-1982",,,,"1983-1987",,,,"1988-1992",,,,"1993-1997",,,,"1998-2002",,,,"2003-2007",,,,"2008-2012",,,,"2013-2017",,
"Mexico","Total freshwater withdrawal (10^9 m3/year)",,,"",,,,"",,,,"",,,,"",,1980,55.97,"K",,,,"",,,,"",,,,"",,2002,72.3,"",,2007,78.65,"I",,2012,81.91,"I",,2017,87.84,"",

"",,,"1958-1962",,,,"1963-1967",,,,"1968-1972",,,,"1973-1977",,,,"1978-1982",,,,"1983-1987",,,,"1988-1992",,,,"1993-1997",,,,"1998-2002",,,,"2003-2007",,,,"2008-2012",,,,"2013-2017",,
"Micronesia (Federated States of)","Total freshwater withdrawal (10^9 m3/year)",,,"",,,,"",,,,"",,,,"",,,,"",,,,"",,,,"",,,,"",,,,"",,,,"",,,,"",,,,"",

"",,,"1958-1962",,,,"1963-1967",,,,"1968-1972",,,,"1973-1977",,,,"1978-1982",,,,"1983-1987",,,,"1988-1992",,,,"1993-1997",,,,"1998-2002",,,,"2003-2007",,,,"2008-2012",,,,"2013-2017",,
"Monaco","Total freshwater withdrawal (10^9 m3/year)",,,"",,,,"",,,,"",,,,"",,,,"",,,,"",,1990,0.0067,"K",,1997,0.006,"K",,2002,0.0058,"K",,2007,0.0055,"K",,2009,0.005,"K",,,,"",

"",,,"1958-1962",,,,"1963-1967",,,,"1968-1972",,,,"1973-1977",,,,"1978-1982",,,,"1983-1987",,,,"1988-1992",,,,"1993-1997",,,,"1998-2002",,,,"2003-2007",,,,"2008-2012",,,,"2013-2017",,
"Mongolia","Total freshwater withdrawal (10^9 m3/year)",,,"",,,,"",,,,"",,,,"",,,,"",,,,"",,,,"",,1993,0.428,"",,,,"",,2006,0.54,"I",,2009,0.551,"",,2016,0.4624,"",

"",,,"1958-1962",,,,"1963-1967",,,,"1968-1972",,,,"1973-1977",,,,"1978-1982",,,,"1983-1987",,,,"1988-1992",,,,"1993-1997",,,,"1998-2002",,,,"2003-2007",,,,"2008-2012",,,,"2013-2017",,
"Montenegro","Total freshwater withdrawal (10^9 m3/year)",,,"",,,,"",,,,"",,,,"",,,,"",,,,"",,,,"",,,,"",,,,"",,,,"",,2010,0.1609,"K",,,,"",

"",,,"1958-1962",,,,"1963-1967",,,,"1968-1972",,,,"1973-1977",,,,"1978-1982",,,,"1983-1987",,,,"1988-1992",,,,"1993-1997",,,,"1998-2002",,,,"2003-2007",,,,"2008-2012",,,,"2013-2017",,
"Morocco","Total freshwater withdrawal (10^9 m3/year)",,,"",,,,"",,,,"",,1975,9.0,"",,1980,10.05,"",,1985,11.0,"",,1992,11.04,"",,1995,11.26,"I",,2002,14.82,"",,,,"",,2010,10.35,"",,,,"",

"",,,"1958-1962",,,,"1963-1967",,,,"1968-1972",,,,"1973-1977",,,,"1978-1982",,,,"1983-1987",,,,"1988-1992",,,,"1993-1997",,,,"1998-2002",,,,"2003-2007",,,,"2008-2012",,,,"2013-2017",,
"Mozambique","Total freshwater withdrawal (10^9 m3/year)",,,"",,,,"",,,,"",,,,"",,,,"",,,,"",,1990,0.605,"",,,,"",,2001,0.8842,"I",,,,"",,,,"",,2015,1.473,"",

"",,,"1958-1962",,,,"1963-1967",,,,"1968-1972",,,,"1973-1977",,,,"1978-1982",,,,"1983-1987",,,,"1988-1992",,,,"1993-1997",,,,"1998-2002",,,,"2003-2007",,,,"2008-2012",,,,"2013-2017",,
"Myanmar","Total freshwater withdrawal (10^9 m3/year)",,,"",,,,"",,,,"",,,,"",,,,"",,1987,28.26,"I",,,,"",,,,"",,2000,33.23,"",,,,"",,,,"",,,,"",

"",,,"1958-1962",,,,"1963-1967",,,,"1968-1972",,,,"1973-1977",,,,"1978-1982",,,,"1983-1987",,,,"1988-1992",,,,"1993-1997",,,,"1998-2002",,,,"2003-2007",,,,"2008-2012",,,,"2013-2017",,
"Namibia","Total freshwater withdrawal (10^9 m3/year)",,,"",,,,"",,,,"",,,,"",,,,"",,1985,0.14,"",,1991,0.2487,"I",,1995,0.2669,"I",,2002,0.2819,"I",,,,"",,,,"",,,,"",

"",,,"1958-1962",,,,"1963-1967",,,,"1968-1972",,,,"1973-1977",,,,"1978-1982",,,,"1983-1987",,,,"1988-1992",,,,"1993-1997",,,,"1998-2002",,,,"2003-2007",,,,"2008-2012",,,,"2013-2017",,
"Nauru","Total freshwater withdrawal (10^9 m3/year)",,,"",,,,"",,,,"",,,,"",,,,"",,,,"",,,,"",,,,"",,,,"",,,,"",,,,"",,,,"",

"",,,"1958-1962",,,,"1963-1967",,,,"1968-1972",,,,"1973-1977",,,,"1978-1982",,,,"1983-1987",,,,"1988-1992",,,,"1993-1997",,,,"1998-2002",,,,"2003-2007",,,,"2008-2012",,,,"2013-2017",,
"Nepal","Total freshwater withdrawal (10^9 m3/year)",,,"",,,,"",,,,"",,,,"",,,,"",,,,"",,,,"",,,,"",,2000,9.562,"I",,2006,9.497,"I",,,,"",,,,"",

"",,,"1958-1962",,,,"1963-1967",,,,"1968-1972",,,,"1973-1977",,,,"1978-1982",,,,"1983-1987",,,,"1988-1992",,,,"1993-1997",,,,"1998-2002",,,,"2003-2007",,,,"2008-2012",,,,"2013-2017",,
"Netherlands","Total freshwater withdrawal (10^9 m3/year)",,,"",,,,"",,,,"",,,,"",,1980,9.198,"K",,1985,9.349,"K",,1991,7.983,"K",,1996,6.507,"K",,2002,8.906,"K",,2007,10.94,"",,2012,10.72,"",,2016,7.989,"",

"",,,"1958-1962",,,,"1963-1967",,,,"1968-1972",,,,"1973-1977",,,,"1978-1982",,,,"1983-1987",,,,"1988-1992",,,,"1993-1997",,,,"1998-2002",,,,"2003-2007",,,,"2008-2012",,,,"2013-2017",,
"New Zealand","Total freshwater withdrawal (10^9 m3/year)",,,"",,,,"",,,,"",,,,"",,1980,1.2,"",,1985,1.9,"",,,,"",,,,"",,1999,3.14,"K",,2006,4.908,"K",,2010,5.201,"K",,2014,9.875,"E",

"",,,"1958-1962",,,,"1963-1967",,,,"1968-1972",,,,"1973-1977",,,,"1978-1982",,,,"1983-1987",,,,"1988-1992",,,,"1993-1997",,,,"1998-2002",,,,"2003-2007",,,,"2008-2012",,,,"2013-2017",,
"Nicaragua","Total freshwater withdrawal (10^9 m3/year)",,,"",,,,"",,,,"",,,,"",,,,"",,,,"",,,,"",,,,"",,2001,1.387,"I",,,,"",,2011,1.545,"I",,,,"",

"",,,"1958-1962",,,,"1963-1967",,,,"1968-1972",,,,"1973-1977",,,,"1978-1982",,,,"1983-1987",,,,"1988-1992",,,,"1993-1997",,,,"1998-2002",,,,"2003-2007",,,,"2008-2012",,,,"2013-2017",,
"Niger","Total freshwater withdrawal (10^9 m3/year)",,,"",,,,"",,,,"",,,,"",,,,"",,,,"",,1988,0.5,"",,,,"",,,,"",,2005,0.9836,"I",,,,"",,2017,1.751,"",

"",,,"1958-1962",,,,"1963-1967",,,,"1968-1972",,,,"1973-1977",,,,"1978-1982",,,,"1983-1987",,,,"1988-1992",,,,"1993-1997",,,,"1998-2002",,,,"2003-2007",,,,"2008-2012",,,,"2013-2017",,
"Nigeria","Total freshwater withdrawal (10^9 m3/year)",,,"",,,,"",,,,"",,,,"",,,,"",,1987,5.59,"I",,,,"",,,,"",,2000,10.31,"I",,2005,11.57,"I",,2010,12.47,"I",,,,"",

"",,,"1958-1962",,,,"1963-1967",,,,"1968-1972",,,,"1973-1977",,,,"1978-1982",,,,"1983-1987",,,,"1988-1992",,,,"1993-1997",,,,"1998-2002",,,,"2003-2007",,,,"2008-2012",,,,"2013-2017",,
"Niue","Total freshwater withdrawal (10^9 m3/year)",,,"",,,,"",,,,"",,,,"",,,,"",,,,"",,,,"",,,,"",,,,"",,,,"",,,,"",,,,"",

"",,,"1958-1962",,,,"1963-1967",,,,"1968-1972",,,,"1973-1977",,,,"1978-1982",,,,"1983-1987",,,,"1988-1992",,,,"1993-1997",,,,"1998-2002",,,,"2003-2007",,,,"2008-2012",,,,"2013-2017",,
"North Macedonia","Total freshwater withdrawal (10^9 m3/year)",,,"",,,,"",,,,"",,,,"",,,,"",,,,"",,,,"",,1996,1.555,"",,2002,0.6332,"K",,2007,0.5512,"K",,,,"",,2017,0.5235,"K",

"",,,"1958-1962",,,,"1963-1967",,,,"1968-1972",,,,"1973-1977",,,,"1978-1982",,,,"1983-1987",,,,"1988-1992",,,,"1993-1997",,,,"1998-2002",,,,"2003-2007",,,,"2008-2012",,,,"2013-2017",,
"Norway","Total freshwater withdrawal (10^9 m3/year)",,,"",,,,"",,,,"",,,,"",,1980,2.0,"",,,,"",,,,"",,1996,2.42,"K",,2002,2.399,"K",,2007,3.026,"K",,,,"",,,,"",

"",,,"1958-1962",,,,"1963-1967",,,,"1968-1972",,,,"1973-1977",,,,"1978-1982",,,,"1983-1987",,,,"1988-1992",,,,"1993-1997",,,,"1998-2002",,,,"2003-2007",,,,"2008-2012",,,,"2013-2017",,
"Oman","Total freshwater withdrawal (10^9 m3/year)",,,"",,,,"",,,,"",,,,"",,,,"",,,,"",,1991,1.197,"",,,,"",,2000,1.3,"I",,2003,1.186,"I",,,,"",,2013,1.634,"",

"",,,"1958-1962",,,,"1963-1967",,,,"1968-1972",,,,"1973-1977",,,,"1978-1982",,,,"1983-1987",,,,"1988-1992",,,,"1993-1997",,,,"1998-2002",,,,"2003-2007",,,,"2008-2012",,,,"2013-2017",,
"Pakistan","Total freshwater withdrawal (10^9 m3/year)",,,"",,,,"",,,,"",,1975,153.4,"",,,,"",,,,"",,1991,155.6,"",,,,"",,2000,172.6,"I",,,,"",,2008,183.5,"K",,2017,200.0,"",

"",,,"1958-1962",,,,"1963-1967",,,,"1968-1972",,,,"1973-1977",,,,"1978-1982",,,,"1983-1987",,,,"1988-1992",,,,"1993-1997",,,,"1998-2002",,,,"2003-2007",,,,"2008-2012",,,,"2013-2017",,
"Palau","Total freshwater withdrawal (10^9 m3/year)",,,"",,,,"",,,,"",,,,"",,,,"",,,,"",,,,"",,,,"",,,,"",,,,"",,,,"",,,,"",

"",,,"1958-1962",,,,"1963-1967",,,,"1968-1972",,,,"1973-1977",,,,"1978-1982",,,,"1983-1987",,,,"1988-1992",,,,"1993-1997",,,,"1998-2002",,,,"2003-2007",,,,"2008-2012",,,,"2013-2017",,
"Palestine","Total freshwater withdrawal (10^9 m3/year)",,,"",,,,"",,,,"",,,,"",,,,"",,,,"",,,,"",,,,"",,2001,0.269,"",,2005,0.408,"I",,,,"",,2017,0.288,"","[3]"

"",,,"1958-1962",,,,"1963-1967",,,,"1968-1972",,,,"1973-1977",,,,"1978-1982",,,,"1983-1987",,,,"1988-1992",,,,"1993-1997",,,,"1998-2002",,,,"2003-2007",,,,"2008-2012",,,,"2013-2017",,
"Panama","Total freshwater withdrawal (10^9 m3/year)",,,"",,,,"",,,,"",,,,"",,,,"",,,,"",,,,"",,,,"",,,,"",,,,"",,2010,1.037,"",,2016,1.211,"",

"",,,"1958-1962",,,,"1963-1967",,,,"1968-1972",,,,"1973-1977",,,,"1978-1982",,,,"1983-1987",,,,"1988-1992",,,,"1993-1997",,,,"1998-2002",,,,"2003-2007",,,,"2008-2012",,,,"2013-2017",,
"Papua New Guinea","Total freshwater withdrawal (10^9 m3/year)",,,"",,,,"",,,,"",,,,"",,,,"",,,,"",,,,"",,,,"",,2000,0.2714,"I",,2005,0.3921,"I",,,,"",,,,"",

"",,,"1958-1962",,,,"1963-1967",,,,"1968-1972",,,,"1973-1977",,,,"1978-1982",,,,"1983-1987",,,,"1988-1992",,,,"1993-1997",,,,"1998-2002",,,,"2003-2007",,,,"2008-2012",,,,"2013-2017",,
"Paraguay","Total freshwater withdrawal (10^9 m3/year)",,,"",,,,"",,,,"",,,,"",,,,"",,1987,0.43,"",,,,"",,,,"",,2000,0.49,"I",,,,"",,2012,2.413,"I",,,,"",

"",,,"1958-1962",,,,"1963-1967",,,,"1968-1972",,,,"1973-1977",,,,"1978-1982",,,,"1983-1987",,,,"1988-1992",,,,"1993-1997",,,,"1998-2002",,,,"2003-2007",,,,"2008-2012",,,,"2013-2017",,
"Peru","Total freshwater withdrawal (10^9 m3/year)",,,"",,,,"",,,,"",,,,"",,,,"",,,,"",,,,"",,,,"",,,,"",,,,"",,2008,13.56,"",,2016,16.1,"",

"",,,"1958-1962",,,,"1963-1967",,,,"1968-1972",,,,"1973-1977",,,,"1978-1982",,,,"1983-1987",,,,"1988-1992",,,,"1993-1997",,,,"1998-2002",,,,"2003-2007",,,,"2008-2012",,,,"2013-2017",,
"Philippines","Total freshwater withdrawal (10^9 m3/year)",,,"",,,,"",,,,"",,,,"",,,,"",,,,"",,,,"",,,,"",,,,"",,2007,81.5,"",,2012,84.25,"",,2017,92.75,"",

"",,,"1958-1962",,,,"1963-1967",,,,"1968-1972",,,,"1973-1977",,,,"1978-1982",,,,"1983-1987",,,,"1988-1992",,,,"1993-1997",,,,"1998-2002",,,,"2003-2007",,,,"2008-2012",,,,"2013-2017",,
"Poland","Total freshwater withdrawal (10^9 m3/year)",,,"",,,,"",,1970,10.11,"K",,1975,13.53,"K",,1980,15.13,"K",,1985,16.41,"K",,1992,13.38,"K",,1997,12.79,"K",,2002,11.72,"K",,2007,12.02,"",,2012,11.47,"",,2017,10.08,"",

"",,,"1958-1962",,,,"1963-1967",,,,"1968-1972",,,,"1973-1977",,,,"1978-1982",,,,"1983-1987",,,,"1988-1992",,,,"1993-1997",,,,"1998-2002",,,,"2003-2007",,,,"2008-2012",,,,"2013-2017",,
"Portugal","Total freshwater withdrawal (10^9 m3/year)",,,"",,,,"",,,,"",,,,"",,,,"",,,,"",,1991,8.598,"K",,,,"",,1998,11.14,"K",,2007,9.146,"I",,,,"",,,,"",

"",,,"1958-1962",,,,"1963-1967",,,,"1968-1972",,,,"1973-1977",,,,"1978-1982",,,,"1983-1987",,,,"1988-1992",,,,"1993-1997",,,,"1998-2002",,,,"2003-2007",,,,"2008-2012",,,,"2013-2017",,
"Puerto Rico","Total freshwater withdrawal (10^9 m3/year)",,,"",,,,"",,,,"",,,,"",,,,"",,,,"",,1990,0.7976,"","[4]",,,"",,2000,0.8564,"","[5]",2005,0.9984,"","[6]",2010,1.017,"","[7]",2015,0.875,"",

"",,,"1958-1962",,,,"1963-1967",,,,"1968-1972",,,,"1973-1977",,,,"1978-1982",,,,"1983-1987",,,,"1988-1992",,,,"1993-1997",,,,"1998-2002",,,,"2003-2007",,,,"2008-2012",,,,"2013-2017",,
"Qatar","Total freshwater withdrawal (10^9 m3/year)",,,"",,,,"",,,,"",,1975,0.15,"",,,,"",,,,"",,,,"",,1994,0.1607,"",,2000,0.1639,"I",,2007,0.209,"",,,,"",,2016,0.2508,"",

"",,,"1958-1962",,,,"1963-1967",,,,"1968-1972",,,,"1973-1977",,,,"1978-1982",,,,"1983-1987",,,,"1988-1992",,,,"1993-1997",,,,"1998-2002",,,,"2003-2007",,,,"2008-2012",,,,"2013-2017",,
"Republic of Korea","Total freshwater withdrawal (10^9 m3/year)",,,"",,,,"",,,,"",,,,"",,,,"",,,,"",,1990,20.57,"K",,1997,25.44,"K",,2002,29.16,"K",,2005,29.04,"K",,,,"",,,,"",

"",,,"1958-1962",,,,"1963-1967",,,,"1968-1972",,,,"1973-1977",,,,"1978-1982",,,,"1983-1987",,,,"1988-1992",,,,"1993-1997",,,,"1998-2002",,,,"2003-2007",,,,"2008-2012",,,,"2013-2017",,
"Republic of Moldova","Total freshwater withdrawal (10^9 m3/year)",,,"",,,,"",,,,"",,,,"",,,,"",,,,"",,1992,1.963,"",,,,"",,2002,0.866,"",,2007,0.854,"",,2012,0.85,"",,2017,0.84,"",

"",,,"1958-1962",,,,"1963-1967",,,,"1968-1972",,,,"1973-1977",,,,"1978-1982",,,,"1983-1987",,,,"1988-1992",,,,"1993-1997",,,,"1998-2002",,,,"2003-2007",,,,"2008-2012",,,,"2013-2017",,
"Romania","Total freshwater withdrawal (10^9 m3/year)",,,"",,,,"",,1970,9.59,"",,1975,14.4,"",,1980,18.8,"",,1985,20.5,"",,1990,20.41,"",,1997,12.46,"",,2002,9.222,"K",,2007,6.884,"K",,2012,6.482,"K",,2017,6.773,"",

"",,,"1958-1962",,,,"1963-1967",,,,"1968-1972",,,,"1973-1977",,,,"1978-1982",,,,"1983-1987",,,,"1988-1992",,,,"1993-1997",,,,"1998-2002",,,,"2003-2007",,,,"2008-2012",,,,"2013-2017",,
"Russian Federation","Total freshwater withdrawal (10^9 m3/year)",,,"",,,,"",,,,"",,,,"",,,,"",,,,"",,1992,99.6,"",,1994,77.1,"",,2001,66.2,"",,2005,69.3,"",,2012,64.0,"",,2017,64.41,"",

"",,,"1958-1962",,,,"1963-1967",,,,"1968-1972",,,,"1973-1977",,,,"1978-1982",,,,"1983-1987",,,,"1988-1992",,,,"1993-1997",,,,"1998-2002",,,,"2003-2007",,,,"2008-2012",,,,"2013-2017",,
"Rwanda","Total freshwater withdrawal (10^9 m3/year)",,,"",,,,"",,,,"",,,,"",,,,"",,,,"",,,,"",,,,"",,2000,0.15,"",,,,"",,,,"",,,,"",

"",,,"1958-1962",,,,"1963-1967",,,,"1968-1972",,,,"1973-1977",,,,"1978-1982",,,,"1983-1987",,,,"1988-1992",,,,"1993-1997",,,,"1998-2002",,,,"2003-2007",,,,"2008-2012",,,,"2013-2017",,
"Saint Kitts and Nevis","Total freshwater withdrawal (10^9 m3/year)",,,"",,,,"",,,,"",,,,"",,,,"",,,,"",,,,"",,,,"",,,,"",,,,"",,2012,0.0123,"I",,,,"",

"",,,"1958-1962",,,,"1963-1967",,,,"1968-1972",,,,"1973-1977",,,,"1978-1982",,,,"1983-1987",,,,"1988-1992",,,,"1993-1997",,,,"1998-2002",,,,"2003-2007",,,,"2008-2012",,,,"2013-2017",,
"Saint Lucia","Total freshwater withdrawal (10^9 m3/year)",,,"",,,,"",,,,"",,,,"",,,,"",,,,"",,,,"",,,,"",,,,"",,2007,0.0429,"I",,,,"",,,,"",

"",,,"1958-1962",,,,"1963-1967",,,,"1968-1972",,,,"1973-1977",,,,"1978-1982",,,,"1983-1987",,,,"1988-1992",,,,"1993-1997",,,,"1998-2002",,,,"2003-2007",,,,"2008-2012",,,,"2013-2017",,
"Saint Vincent and the Grenadines","Total freshwater withdrawal (10^9 m3/year)",,,"",,,,"",,,,"",,,,"",,,,"",,,,"",,,,"",,1995,0.01,"",,,,"",,,,"",,,,"",,2013,0.0079,"I",

"",,,"1958-1962",,,,"1963-1967",,,,"1968-1972",,,,"1973-1977",,,,"1978-1982",,,,"1983-1987",,,,"1988-1992",,,,"1993-1997",,,,"1998-2002",,,,"2003-2007",,,,"2008-2012",,,,"2013-2017",,
"Samoa","Total freshwater withdrawal (10^9 m3/year)",,,"",,,,"",,,,"",,,,"",,,,"",,,,"",,,,"",,,,"",,,,"",,,,"",,,,"",,,,"",

"",,,"1958-1962",,,,"1963-1967",,,,"1968-1972",,,,"1973-1977",,,,"1978-1982",,,,"1983-1987",,,,"1988-1992",,,,"1993-1997",,,,"1998-2002",,,,"2003-2007",,,,"2008-2012",,,,"2013-2017",,
"San Marino","Total freshwater withdrawal (10^9 m3/year)",,,"",,,,"",,,,"",,,,"",,,,"",,,,"",,,,"",,,,"",,,,"",,,,"",,,,"",,,,"",

"",,,"1958-1962",,,,"1963-1967",,,,"1968-1972",,,,"1973-1977",,,,"1978-1982",,,,"1983-1987",,,,"1988-1992",,,,"1993-1997",,,,"1998-2002",,,,"2003-2007",,,,"2008-2012",,,,"2013-2017",,
"Sao Tome and Principe","Total freshwater withdrawal (10^9 m3/year)",,,"",,,,"",,,,"",,,,"",,,,"",,,,"",,,,"",,1993,0.007,"",,,,"",,,,"",,,,"",,2016,0.0409,"",

"",,,"1958-1962",,,,"1963-1967",,,,"1968-1972",,,,"1973-1977",,,,"1978-1982",,,,"1983-1987",,,,"1988-1992",,,,"1993-1997",,,,"1998-2002",,,,"2003-2007",,,,"2008-2012",,,,"2013-2017",,
"Saudi Arabia","Total freshwater withdrawal (10^9 m3/year)",,,"",,,,"",,,,"",,,,"",,,,"",,,,"",,1992,16.12,"",,,,"",,,,"",,2006,22.64,"K",,2012,19.14,"",,2017,21.2,"",

"",,,"1958-1962",,,,"1963-1967",,,,"1968-1972",,,,"1973-1977",,,,"1978-1982",,,,"1983-1987",,,,"1988-1992",,,,"1993-1997",,,,"1998-2002",,,,"2003-2007",,,,"2008-2012",,,,"2013-2017",,
"Senegal","Total freshwater withdrawal (10^9 m3/year)",,,"",,,,"",,,,"",,,,"",,,,"",,1987,1.36,"",,,,"",,,,"",,2002,2.221,"I",,,,"",,,,"",,,,"",

"",,,"1958-1962",,,,"1963-1967",,,,"1968-1972",,,,"1973-1977",,,,"1978-1982",,,,"1983-1987",,,,"1988-1992",,,,"1993-1997",,,,"1998-2002",,,,"2003-2007",,,,"2008-2012",,,,"2013-2017",,
"Serbia","Total freshwater withdrawal (10^9 m3/year)",,,"",,,,"",,,,"",,,,"",,,,"",,,,"",,,,"",,,,"",,,,"",,2007,3.958,"K",,2012,4.403,"",,2017,5.377,"",

"",,,"1958-1962",,,,"1963-1967",,,,"1968-1972",,,,"1973-1977",,,,"1978-1982",,,,"1983-1987",,,,"1988-1992",,,,"1993-1997",,,,"1998-2002",,,,"2003-2007",,,,"2008-2012",,,,"2013-2017",,
"Seychelles","Total freshwater withdrawal (10^9 m3/year)",,,"",,,,"",,,,"",,,,"",,,,"",,,,"",,1989,0.0119,"I",,,,"",,,,"",,2005,0.0127,"I",,,,"",,,,"",

"",,,"1958-1962",,,,"1963-1967",,,,"1968-1972",,,,"1973-1977",,,,"1978-1982",,,,"1983-1987",,,,"1988-1992",,,,"1993-1997",,,,"1998-2002",,,,"2003-2007",,,,"2008-2012",,,,"2013-2017",,
"Sierra Leone","Total freshwater withdrawal (10^9 m3/year)",,,"",,,,"",,,,"",,,,"",,,,"",,1987,0.37,"",,,,"",,,,"",,2000,0.1889,"I",,2005,0.2122,"I",,,,"",,,,"",

"",,,"1958-1962",,,,"1963-1967",,,,"1968-1972",,,,"1973-1977",,,,"1978-1982",,,,"1983-1987",,,,"1988-1992",,,,"1993-1997",,,,"1998-2002",,,,"2003-2007",,,,"2008-2012",,,,"2013-2017",,
"Singapore","Total freshwater withdrawal (10^9 m3/year)",,,"",,,,"",,,,"",,1975,0.19,"",,,,"",,,,"",,,,"",,,,"",,,,"",,,,"",,,,"",,2017,0.4993,"",

"",,,"1958-1962",,,,"1963-1967",,,,"1968-1972",,,,"1973-1977",,,,"1978-1982",,,,"1983-1987",,,,"1988-1992",,,,"1993-1997",,,,"1998-2002",,,,"2003-2007",,,,"2008-2012",,,,"2013-2017",,
"Slovakia","Total freshwater withdrawal (10^9 m3/year)",,,"",,,,"",,,,"",,,,"",,,,"",,,,"",,,,"",,1997,1.31,"K",,2002,1.094,"K",,2007,0.688,"K",,2012,0.6653,"E",,2017,0.5563,"",

"",,,"1958-1962",,,,"1963-1967",,,,"1968-1972",,,,"1973-1977",,,,"1978-1982",,,,"1983-1987",,,,"1988-1992",,,,"1993-1997",,,,"1998-2002",,,,"2003-2007",,,,"2008-2012",,,,"2013-2017",,
"Slovenia","Total freshwater withdrawal (10^9 m3/year)",,,"",,,,"",,,,"",,,,"",,,,"",,,,"",,,,"",,,,"",,2002,0.8992,"K",,2007,0.9349,"K",,2012,0.9281,"K",,2017,0.9314,"",

"",,,"1958-1962",,,,"1963-1967",,,,"1968-1972",,,,"1973-1977",,,,"1978-1982",,,,"1983-1987",,,,"1988-1992",,,,"1993-1997",,,,"1998-2002",,,,"2003-2007",,,,"2008-2012",,,,"2013-2017",,
"Solomon Islands","Total freshwater withdrawal (10^9 m3/year)",,,"",,,,"",,,,"",,,,"",,,,"",,,,"",,,,"",,,,"",,,,"",,,,"",,,,"",,,,"",

"",,,"1958-1962",,,,"1963-1967",,,,"1968-1972",,,,"1973-1977",,,,"1978-1982",,,,"1983-1987",,,,"1988-1992",,,,"1993-1997",,,,"1998-2002",,,,"2003-2007",,,,"2008-2012",,,,"2013-2017",,
"Somalia","Total freshwater withdrawal (10^9 m3/year)",,,"",,,,"",,,,"",,,,"",,,,"",,1987,0.81,"",,,,"",,,,"",,2000,3.29,"I",,2003,3.298,"I",,,,"",,,,"",

"",,,"1958-1962",,,,"1963-1967",,,,"1968-1972",,,,"1973-1977",,,,"1978-1982",,,,"1983-1987",,,,"1988-1992",,,,"1993-1997",,,,"1998-2002",,,,"2003-2007",,,,"2008-2012",,,,"2013-2017",,
"South Africa","Total freshwater withdrawal (10^9 m3/year)",,,"",,,,"",,,,"",,,,"",,,,"",,,,"",,1990,13.29,"",,1995,12.88,"I",,2000,12.73,"I",,,,"",,,,"",,2017,19.38,"",

"",,,"1958-1962",,,,"1963-1967",,,,"1968-1972",,,,"1973-1977",,,,"1978-1982",,,,"1983-1987",,,,"1988-1992",,,,"1993-1997",,,,"1998-2002",,,,"2003-2007",,,,"2008-2012",,,,"2013-2017",,
"South Sudan","Total freshwater withdrawal (10^9 m3/year)",,,"",,,,"",,,,"",,,,"",,,,"",,,,"",,,,"",,,,"",,,,"",,,,"",,2011,0.658,"",,,,"",

"",,,"1958-1962",,,,"1963-1967",,,,"1968-1972",,,,"1973-1977",,,,"1978-1982",,,,"1983-1987",,,,"1988-1992",,,,"1993-1997",,,,"1998-2002",,,,"2003-2007",,,,"2008-2012",,,,"2013-2017",,
"Spain","Total freshwater withdrawal (10^9 m3/year)",,,"",,,,"",,,,"",,1975,36.08,"K",,1980,39.92,"K",,1986,45.85,"",,1991,36.8,"K",,1997,34.5,"K",,2002,35.51,"K",,2007,34.97,"K",,2012,34.31,"E",,2016,31.22,"",

"",,,"1958-1962",,,,"1963-1967",,,,"1968-1972",,,,"1973-1977",,,,"1978-1982",,,,"1983-1987",,,,"1988-1992",,,,"1993-1997",,,,"1998-2002",,,,"2003-2007",,,,"2008-2012",,,,"2013-2017",,
"Sri Lanka","Total freshwater withdrawal (10^9 m3/year)",,,"",,,,"",,,,"",,,,"",,,,"",,,,"",,1990,9.769,"",,,,"",,2000,13.01,"I",,2005,12.95,"",,,,"",,,,"",

"",,,"1958-1962",,,,"1963-1967",,,,"1968-1972",,,,"1973-1977",,,,"1978-1982",,,,"1983-1987",,,,"1988-1992",,,,"1993-1997",,,,"1998-2002",,,,"2003-2007",,,,"2008-2012",,,,"2013-2017",,
"Sudan","Total freshwater withdrawal (10^9 m3/year)",,,"",,,,"",,,,"",,,,"",,,,"",,,,"",,,,"",,,,"",,,,"",,,,"",,2011,26.93,"",,,,"",

"",,,"1958-1962",,,,"1963-1967",,,,"1968-1972",,,,"1973-1977",,,,"1978-1982",,,,"1983-1987",,,,"1988-1992",,,,"1993-1997",,,,"1998-2002",,,,"2003-2007",,,,"2008-2012",,,,"2013-2017",,
"Suriname","Total freshwater withdrawal (10^9 m3/year)",,,"",,,,"",,,,"",,,,"",,,,"",,1987,0.46,"",,,,"",,,,"",,2000,0.67,"I",,2006,0.6159,"",,,,"",,,,"",

"",,,"1958-1962",,,,"1963-1967",,,,"1968-1972",,,,"1973-1977",,,,"1978-1982",,,,"1983-1987",,,,"1988-1992",,,,"1993-1997",,,,"1998-2002",,,,"2003-2007",,,,"2008-2012",,,,"2013-2017",,
"Sweden","Total freshwater withdrawal (10^9 m3/year)",,,"",,,,"",,1970,4.073,"K",,1975,4.135,"K",,1980,4.106,"K",,1985,2.97,"K",,1992,2.973,"K",,1997,2.711,"K",,2002,2.676,"K",,2007,2.63,"K",,2010,2.689,"K",,2015,2.375,"",

"",,,"1958-1962",,,,"1963-1967",,,,"1968-1972",,,,"1973-1977",,,,"1978-1982",,,,"1983-1987",,,,"1988-1992",,,,"1993-1997",,,,"1998-2002",,,,"2003-2007",,,,"2008-2012",,,,"2013-2017",,
"Switzerland","Total freshwater withdrawal (10^9 m3/year)",,,"",,,,"",,,,"",,1975,2.598,"K",,1980,2.589,"K",,1985,2.646,"K",,1992,2.695,"K",,1997,2.559,"K",,2002,2.518,"K",,,,"",,2012,2.005,"K",,,,"",

"",,,"1958-1962",,,,"1963-1967",,,,"1968-1972",,,,"1973-1977",,,,"1978-1982",,,,"1983-1987",,,,"1988-1992",,,,"1993-1997",,,,"1998-2002",,,,"2003-2007",,,,"2008-2012",,,,"2013-2017",,
"Syrian Arab Republic","Total freshwater withdrawal (10^9 m3/year)",,,"",,,,"",,,,"",,1975,3.34,"",,,,"",,,,"",,,,"",,1997,14.43,"",,2002,16.36,"",,2005,14.14,"I",,,,"",,,,"",

"",,,"1958-1962",,,,"1963-1967",,,,"1968-1972",,,,"1973-1977",,,,"1978-1982",,,,"1983-1987",,,,"1988-1992",,,,"1993-1997",,,,"1998-2002",,,,"2003-2007",,,,"2008-2012",,,,"2013-2017",,
"Tajikistan","Total freshwater withdrawal (10^9 m3/year)",,,"",,,,"",,,,"",,,,"",,,,"",,,,"",,,,"",,1994,11.52,"I",,2000,11.66,"I",,2006,11.19,"I",,,,"",,,,"",

"",,,"1958-1962",,,,"1963-1967",,,,"1968-1972",,,,"1973-1977",,,,"1978-1982",,,,"1983-1987",,,,"1988-1992",,,,"1993-1997",,,,"1998-2002",,,,"2003-2007",,,,"2008-2012",,,,"2013-2017",,
"Thailand","Total freshwater withdrawal (10^9 m3/year)",,,"",,,,"",,,,"",,,,"",,,,"",,,,"",,,,"",,,,"",,,,"",,2007,57.31,"",,,,"",,,,"",

"",,,"1958-1962",,,,"1963-1967",,,,"1968-1972",,,,"1973-1977",,,,"1978-1982",,,,"1983-1987",,,,"1988-1992",,,,"1993-1997",,,,"1998-2002",,,,"2003-2007",,,,"2008-2012",,,,"2013-2017",,
"Timor-Leste","Total freshwater withdrawal (10^9 m3/year)",,,"",,,,"",,,,"",,,,"",,,,"",,,,"",,,,"",,,,"",,,,"",,2004,1.172,"",,,,"",,,,"",

"",,,"1958-1962",,,,"1963-1967",,,,"1968-1972",,,,"1973-1977",,,,"1978-1982",,,,"1983-1987",,,,"1988-1992",,,,"1993-1997",,,,"1998-2002",,,,"2003-2007",,,,"2008-2012",,,,"2013-2017",,
"Togo","Total freshwater withdrawal (10^9 m3/year)",,,"",,,,"",,,,"",,,,"",,,,"",,1987,0.091,"",,,,"",,,,"",,2002,0.169,"",,,,"",,,,"",,,,"",

"",,,"1958-1962",,,,"1963-1967",,,,"1968-1972",,,,"1973-1977",,,,"1978-1982",,,,"1983-1987",,,,"1988-1992",,,,"1993-1997",,,,"1998-2002",,,,"2003-2007",,,,"2008-2012",,,,"2013-2017",,
"Tokelau","Total freshwater withdrawal (10^9 m3/year)",,,"",,,,"",,,,"",,,,"",,,,"",,,,"",,,,"",,,,"",,,,"",,,,"",,,,"",,,,"",

"",,,"1958-1962",,,,"1963-1967",,,,"1968-1972",,,,"1973-1977",,,,"1978-1982",,,,"1983-1987",,,,"1988-1992",,,,"1993-1997",,,,"1998-2002",,,,"2003-2007",,,,"2008-2012",,,,"2013-2017",,
"Tonga","Total freshwater withdrawal (10^9 m3/year)",,,"",,,,"",,,,"",,,,"",,,,"",,,,"",,,,"",,,,"",,,,"",,,,"",,,,"",,,,"",

"",,,"1958-1962",,,,"1963-1967",,,,"1968-1972",,,,"1973-1977",,,,"1978-1982",,,,"1983-1987",,,,"1988-1992",,,,"1993-1997",,,,"1998-2002",,,,"2003-2007",,,,"2008-2012",,,,"2013-2017",,
"Trinidad and Tobago","Total freshwater withdrawal (10^9 m3/year)",,,"",,,,"",,,,"",,,,"",,,,"",,,,"",,,,"",,1997,0.297,"",,2000,0.314,"",,2005,0.309,"I",,2011,0.3362,"I",,,,"",

"",,,"1958-1962",,,,"1963-1967",,,,"1968-1972",,,,"1973-1977",,,,"1978-1982",,,,"1983-1987",,,,"1988-1992",,,,"1993-1997",,,,"1998-2002",,,,"2003-2007",,,,"2008-2012",,,,"2013-2017",,
"Tunisia","Total freshwater withdrawal (10^9 m3/year)",,,"",,,,"",,,,"",,1975,1.07,"",,1980,1.9,"",,1985,2.3,"",,1990,3.067,"",,1995,2.849,"I",,2001,2.809,"I",,,,"",,2011,3.217,"I",,2017,4.768,"",

"",,,"1958-1962",,,,"1963-1967",,,,"1968-1972",,,,"1973-1977",,,,"1978-1982",,,,"1983-1987",,,,"1988-1992",,,,"1993-1997",,,,"1998-2002",,,,"2003-2007",,,,"2008-2012",,,,"2013-2017",,
"Turkey","Total freshwater withdrawal (10^9 m3/year)",,,"",,,,"",,,,"",,,,"",,,,"",,,,"",,1992,31.6,"I",,,,"",,2002,37.78,"I",,2006,35.94,"I",,2012,50.51,"E",,2017,58.76,"",

"",,,"1958-1962",,,,"1963-1967",,,,"1968-1972",,,,"1973-1977",,,,"1978-1982",,,,"1983-1987",,,,"1988-1992",,,,"1993-1997",,,,"1998-2002",,,,"2003-2007",,,,"2008-2012",,,,"2013-2017",,
"Turkmenistan","Total freshwater withdrawal (10^9 m3/year)",,,"",,,,"",,,,"",,,,"",,,,"",,,,"",,,,"",,1994,23.7,"I",,2000,24.91,"I",,2004,27.87,"I",,,,"",,,,"",

"",,,"1958-1962",,,,"1963-1967",,,,"1968-1972",,,,"1973-1977",,,,"1978-1982",,,,"1983-1987",,,,"1988-1992",,,,"1993-1997",,,,"1998-2002",,,,"2003-2007",,,,"2008-2012",,,,"2013-2017",,
"Tuvalu","Total freshwater withdrawal (10^9 m3/year)",,,"",,,,"",,,,"",,,,"",,,,"",,,,"",,,,"",,,,"",,,,"",,,,"",,,,"",,,,"",

"",,,"1958-1962",,,,"1963-1967",,,,"1968-1972",,,,"1973-1977",,,,"1978-1982",,,,"1983-1987",,,,"1988-1992",,,,"1993-1997",,,,"1998-2002",,,,"2003-2007",,,,"2008-2012",,,,"2013-2017",,
"Uganda","Total freshwater withdrawal (10^9 m3/year)",,,"",,,,"",,1970,0.2,"",,,,"",,,,"",,,,"",,,,"",,,,"",,2002,0.3174,"I",,,,"",,2008,0.637,"",,,,"",

"",,,"1958-1962",,,,"1963-1967",,,,"1968-1972",,,,"1973-1977",,,,"1978-1982",,,,"1983-1987",,,,"1988-1992",,,,"1993-1997",,,,"1998-2002",,,,"2003-2007",,,,"2008-2012",,,,"2013-2017",,
"Ukraine","Total freshwater withdrawal (10^9 m3/year)",,,"",,,,"",,,,"",,,,"",,,,"",,,,"",,1992,26.0,"",,,,"",,2000,18.28,"",,2005,15.08,"",,2010,14.85,"",,2017,8.635,"",

"",,,"1958-1962",,,,"1963-1967",,,,"1968-1972",,,,"1973-1977",,,,"1978-1982",,,,"1983-1987",,,,"1988-1992",,,,"1993-1997",,,,"1998-2002",,,,"2003-2007",,,,"2008-2012",,,,"2013-2017",,
"United Arab Emirates","Total freshwater withdrawal (10^9 m3/year)",,,"",,,,"",,,,"",,,,"",,1980,0.9,"",,,,"",,,,"",,1995,1.723,"",,2000,2.334,"I",,2005,2.235,"I",,,,"",,2017,2.562,"",

"",,,"1958-1962",,,,"1963-1967",,,,"1968-1972",,,,"1973-1977",,,,"1978-1982",,,,"1983-1987",,,,"1988-1992",,,,"1993-1997",,,,"1998-2002",,,,"2003-2007",,,,"2008-2012",,,,"2013-2017",,
"United Kingdom","Total freshwater withdrawal (10^9 m3/year)",,,"",,,,"",,,,"",,,,"",,1980,13.48,"K",,1985,11.5,"K",,1990,12.02,"K",,1995,12.09,"K",,2002,15.78,"K",,2007,8.48,"K",,2012,8.017,"K",,2016,8.42,"",

"",,,"1958-1962",,,,"1963-1967",,,,"1968-1972",,,,"1973-1977",,,,"1978-1982",,,,"1983-1987",,,,"1988-1992",,,,"1993-1997",,,,"1998-2002",,,,"2003-2007",,,,"2008-2012",,,,"2013-2017",,
"United Republic of Tanzania","Total freshwater withdrawal (10^9 m3/year)",,,"",,,,"",,,,"",,,,"",,,,"",,,,"",,,,"",,,,"",,2002,5.184,"K",,,,"",,,,"",,,,"",

"",,,"1958-1962",,,,"1963-1967",,,,"1968-1972",,,,"1973-1977",,,,"1978-1982",,,,"1983-1987",,,,"1988-1992",,,,"1993-1997",,,,"1998-2002",,,,"2003-2007",,,,"2008-2012",,,,"2013-2017",,
"United States of America","Total freshwater withdrawal (10^9 m3/year)",,,"",,,,"",,,,"",,,,"",,1980,517.6,"K",,,,"",,1990,465.1,"","[8]",,,"",,2000,473.5,"","[9,10]",2005,478.6,"","[11,12]",2010,418.7,"","[13,14]",2015,444.3,"",

"",,,"1958-1962",,,,"1963-1967",,,,"1968-1972",,,,"1973-1977",,,,"1978-1982",,,,"1983-1987",,,,"1988-1992",,,,"1993-1997",,,,"1998-2002",,,,"2003-2007",,,,"2008-2012",,,,"2013-2017",,
"Uruguay","Total freshwater withdrawal (10^9 m3/year)",,,"",,1965,0.65,"",,,,"",,,,"",,,,"",,,,"",,,,"",,,,"",,2000,3.66,"",,,,"",,,,"",,,,"",

"",,,"1958-1962",,,,"1963-1967",,,,"1968-1972",,,,"1973-1977",,,,"1978-1982",,,,"1983-1987",,,,"1988-1992",,,,"1993-1997",,,,"1998-2002",,,,"2003-2007",,,,"2008-2012",,,,"2013-2017",,
"Uzbekistan","Total freshwater withdrawal (10^9 m3/year)",,,"",,,,"",,,,"",,,,"",,,,"",,,,"",,,,"",,1994,53.76,"I",,2001,53.74,"",,2005,49.16,"I",,,,"",,2017,58.9,"",

"",,,"1958-1962",,,,"1963-1967",,,,"1968-1972",,,,"1973-1977",,,,"1978-1982",,,,"1983-1987",,,,"1988-1992",,,,"1993-1997",,,,"1998-2002",,,,"2003-2007",,,,"2008-2012",,,,"2013-2017",,
"Vanuatu","Total freshwater withdrawal (10^9 m3/year)",,,"",,,,"",,,,"",,,,"",,,,"",,,,"",,,,"",,,,"",,,,"",,,,"",,,,"",,,,"",

"",,,"1958-1962",,,,"1963-1967",,,,"1968-1972",,,,"1973-1977",,,,"1978-1982",,,,"1983-1987",,,,"1988-1992",,,,"1993-1997",,,,"1998-2002",,,,"2003-2007",,,,"2008-2012",,,,"2013-2017",,
"Venezuela (Bolivarian Republic of)","Total freshwater withdrawal (10^9 m3/year)",,,"",,,,"",,1970,4.1,"",,,,"",,,,"",,,,"",,,,"",,,,"",,2000,9.059,"I",,2007,22.62,"I",,,,"",,,,"",

"",,,"1958-1962",,,,"1963-1967",,,,"1968-1972",,,,"1973-1977",,,,"1978-1982",,,,"1983-1987",,,,"1988-1992",,,,"1993-1997",,,,"1998-2002",,,,"2003-2007",,,,"2008-2012",,,,"2013-2017",,
"Viet Nam","Total freshwater withdrawal (10^9 m3/year)",,,"",,,,"",,,,"",,,,"",,1980,37.86,"",,1985,45.27,"",,,,"",,,,"",,,,"",,2005,81.86,"",,,,"",,,,"",

"",,,"1958-1962",,,,"1963-1967",,,,"1968-1972",,,,"1973-1977",,,,"1978-1982",,,,"1983-1987",,,,"1988-1992",,,,"1993-1997",,,,"1998-2002",,,,"2003-2007",,,,"2008-2012",,,,"2013-2017",,
"Yemen","Total freshwater withdrawal (10^9 m3/year)",,,"",,,,"",,,,"",,,,"",,,,"",,,,"",,1990,2.922,"",,,,"",,2000,3.384,"I",,2005,3.54,"I",,,,"",,,,"",

"",,,"1958-1962",,,,"1963-1967",,,,"1968-1972",,,,"1973-1977",,,,"1978-1982",,,,"1983-1987",,,,"1988-1992",,,,"1993-1997",,,,"1998-2002",,,,"2003-2007",,,,"2008-2012",,,,"2013-2017",,
"Zambia","Total freshwater withdrawal (10^9 m3/year)",,,"",,,,"",,,,"",,,,"",,,,"",,,,"",,1992,1.747,"",,1994,1.706,"",,2002,1.572,"I",,,,"",,,,"",,,,"",

"",,,"1958-1962",,,,"1963-1967",,,,"1968-1972",,,,"1973-1977",,,,"1978-1982",,,,"1983-1987",,,,"1988-1992",,,,"1993-1997",,,,"1998-2002",,,,"2003-2007",,,,"2008-2012",,,,"2013-2017",,
"Zimbabwe","Total freshwater withdrawal (10^9 m3/year)",,,"",,,,"",,,,"",,,,"",,,,"",,1987,1.22,"",,,,"",,,,"",,2002,4.205,"",,2007,3.57,"",,,,"",,2017,3.339,"",


Metadata:
"[1] [Observations] | Only Metropolitan France"
"[2] [Comparability (geographical)] | Includes only Island of Mauritius"
"[3] [Overall accuracy] | Difference with total water withdrawal by sector is coming from the 0.0832km3 water bought to Mekorot (Israeli Water Company)"
"[4] [Components] | 3.41 km3 of withdrawal of saline water (sea water, coastal brackish, saline groundwater), mostly for cooling of thermoelectric plants and some for mining, not included"
"[5] [Components] | 3.025 km3 of withdrawal of saline water (sea water, coastal brackish, saline groundwater), mostly for cooling of thermoelectric plants and some for mining, not included"
"[6] [Components] | 3.1629 km3 of withdrawal of saline water (sea water, coastal brackish, saline groundwater), mostly for cooling of thermoelectric plants and some for mining, not included"
"[7] [Components] | 3.136 km3 of withdrawal of saline water (sea water, coastal brackish, saline groundwater), mostly for cooling of thermoelectric plants and some for mining, not included"
"[8] [Components] | 92.2 km3 of withdrawal of saline water (sea water, coastal brackish, saline groundwater), mostly for cooling of thermoelectric plants and some for mining, not included. Also, 0.58 km3 of desalinated water and 1.284 km3 of direct use of treated wastewater, not included."
"[9] [Components] | 82.85 km3 of withdrawal of saline water (sea water, coastal brackish, saline groundwater), mostly for cooling of thermoelectric plants and some for mining, not included. Also, 0.58 km3 of desalinated water and 2.345 km3 of direct use of treated wastewater, not included."
"[10] [Components] | Fresh surface water and groundwater withdrawal for agriculture account for 115.1 km3 and 81.4 km3 respectively. Fresh surface water and groundwater withdrawal for irrigation account for 110.5 km3 and 78.6 km3 respectively"
"[11] [Components] | External metadata: 80.89 km3 of withdrawal of saline water (sea water, coastal brackish, saline groundwater), mostly for cooling of thermoelectric plants and some for mining, not included. Also, 0.58 km3 of desalinated water and 2.345 km3 of direct use of treated wastewater, not included."
"[12] [Components] | Fresh surface water and groundwater withdrawal for agriculture account for 110.9 km3 and 80.95 km3 respectively. Fresh surface water and groundwater withdrawal for irrigation account for 103.1 km3 and 73.64 km3 respectively"
"[13] [Components] | Fresh surface water and groundwater withdrawal for agriculture account for 102.58 km3 and 72.48 km3 respectively. Fresh surface water and groundwater withdrawal for irrigation account for 90.97 km3 and 68.32 km3 respectively"
"[14] [Components] | 63.45 km3 of withdrawal of saline water (sea water, coastal brackish, saline groundwater), mostly for cooling of thermoelectric plants and some for mining, not included. Also, 0.58 km3 of desalinated water and 2.774 km3 of direct use of treated wastewater, not included."

E - External data
I - AQUASTAT estimate
K - Aggregate data
L - Modelled data
(c) 2020 FAO of the UN
The information contained in AQUASTAT is provided free of charge to all users. Please quote as follows:
FAO. 2016. AQUASTAT Main Database - Food and Agriculture Organization of the United Nations (FAO). Website accessed on[04/07/2020 12:8]

